"1.5713462829589844,Beginning load cell objects..."
"2.603097677230835,Simultaneously starting load cells..."
"6.579057931900024,LoadCell_1 Startup is complete"
"7.0817177295684814,LoadCell_2 Startup is complete"
"7.580406427383423,Startup is complete"
"7.61331844329834,0:231.88402000, 1:191.45444000, 2:1021"
"7.679142475128174,0:231.88402000, 1:191.45444000, 2:1020"
"7.7130515575408936,0:231.88411000, 1:191.45515000, 2:1022"
"7.745964050292969,0:231.88411000, 1:191.45589000, 2:1020"
"7.7798731327056885,0:231.88414000, 1:191.45680000, 2:1023"
"7.812784910202026,0:231.88405000, 1:191.45770000, 2:1020"
"7.879606246948242,0:231.88387000, 1:191.45872000, 2:1021"
"7.913516283035278,0:231.88374000, 1:191.45947000, 2:1021"
"7.946427583694458,0:231.88361000, 1:191.46021000, 2:1019"
"7.980337142944336,0:231.88365000, 1:191.46083000, 2:1020"
"8.04616117477417,0:231.88371000, 1:191.46173000, 2:1018"
"8.080070734024048,0:231.88380000, 1:191.46259000, 2:1021"
"8.112982511520386,0:231.88377000, 1:191.46332000, 2:1018"
"8.146891832351685,0:231.88365000, 1:191.46425000, 2:1021"
"8.179803848266602,0:231.88383000, 1:191.46509000, 2:1021"
"8.246626138687134,0:231.88422000, 1:191.46593000, 2:1021"
"8.279537200927734,0:231.88458000, 1:191.46675000, 2:1022"
"8.312449216842651,0:231.88470000, 1:191.46767000, 2:1019"
"8.34635853767395,0:231.88461000, 1:191.46814000, 2:1021"
"8.413179874420166,0:231.88457000, 1:191.46858000, 2:1018"
"8.44609260559082,0:231.88461000, 1:191.46884000, 2:1021"
"8.479510307312012,0:231.88464000, 1:191.46924000, 2:1018"
"8.513419151306152,0:231.88438000, 1:191.46968000, 2:1020"
"8.546331405639648,0:231.88446000, 1:191.46991000, 2:1020"
"8.61315393447876,0:231.88448000, 1:191.47028000, 2:1020"
"8.646064281463623,0:231.88458000, 1:191.47086000, 2:1022"
"8.679973840713501,0:231.88438000, 1:191.47151000, 2:1020"
"8.712886095046997,0:231.88437000, 1:191.47208000, 2:1023"
"8.746795892715454,0:231.88441000, 1:191.47263000, 2:1019"
"8.813617706298828,0:231.88434000, 1:191.47321000, 2:1021"
"8.846529483795166,0:231.88420000, 1:191.47385000, 2:1019"
"8.880439043045044,0:231.88419000, 1:191.47414000, 2:1019"
"8.913350820541382,0:231.88397000, 1:191.47476000, 2:1020"
"8.97968316078186,0:231.88368000, 1:191.47513000, 2:1018"
"9.013592720031738,0:231.88351000, 1:191.47566000, 2:1021"
"9.046504020690918,0:231.88326000, 1:191.47604000, 2:1019"
"9.08092212677002,0:231.88312000, 1:191.47638000, 2:1022"
"9.114832162857056,0:231.88307000, 1:191.47662000, 2:1021"
"9.17916488647461,0:231.88280000, 1:191.47697000, 2:1022"
"9.213074207305908,0:231.88264000, 1:191.47737000, 2:1020"
"9.245985984802246,0:231.88274000, 1:191.47769000, 2:1019"
"9.27940320968628,0:231.88251000, 1:191.47792000, 2:1021"
"9.346223831176758,0:231.88234000, 1:191.47812000, 2:1018"
"9.379136085510254,0:231.88219000, 1:191.47839000, 2:1021"
"9.413045167922974,0:231.88222000, 1:191.47849000, 2:1019"
"9.445957660675049,0:231.88206000, 1:191.47870000, 2:1022"
"9.479866981506348,0:231.88185000, 1:191.47897000, 2:1020"
"9.545690774917603,0:231.88173000, 1:191.47911000, 2:1020"
"9.57960033416748,0:231.88173000, 1:191.47925000, 2:1022"
"9.612512111663818,0:231.88155000, 1:191.47971000, 2:1020"
"9.646421432495117,0:231.88165000, 1:191.48004000, 2:1022"
"9.712245464324951,0:231.88148000, 1:191.48058000, 2:1019"
"9.746155500411987,0:231.88142000, 1:191.48109000, 2:1022"
"9.780064821243286,0:231.88135000, 1:191.48151000, 2:1019"
"9.81397533416748,0:231.88141000, 1:191.48192000, 2:1019"
"9.846886396408081,0:231.88152000, 1:191.48245000, 2:1019"
"9.912710189819336,0:231.88165000, 1:191.48285000, 2:1019"
"9.946619510650635,0:231.88168000, 1:191.48337000, 2:1021"
"9.979531526565552,0:231.88165000, 1:191.48409000, 2:1020"
"10.012442827224731,0:231.88168000, 1:191.48477000, 2:1023"
"10.04635238647461,0:231.88187000, 1:191.48528000, 2:1020"
"10.112176895141602,0:231.88188000, 1:191.48596000, 2:1022"
"10.146085977554321,0:231.88197000, 1:191.48660000, 2:1020"
"10.179502010345459,0:231.88194000, 1:191.48727000, 2:1019"
"10.212414264678955,0:231.88219000, 1:191.48784000, 2:1020"
"10.279236078262329,0:231.88234000, 1:191.48813000, 2:1018"
"10.313146114349365,0:231.88206000, 1:191.48863000, 2:1021"
"10.346057176589966,0:231.88205000, 1:191.48892000, 2:1019"
"10.379966497421265,0:231.88191000, 1:191.48920000, 2:1022"
"10.412878036499023,0:231.88214000, 1:191.48979000, 2:1020"
"10.478703737258911,0:231.88205000, 1:191.49030000, 2:1022"
"10.512611627578735,0:231.88213000, 1:191.49080000, 2:1022"
"10.545523881912231,0:231.88191000, 1:191.49098000, 2:1020"
"10.579433917999268,0:231.88182000, 1:191.49120000, 2:1021"
"10.646255254745483,0:231.88148000, 1:191.49135000, 2:1018"
"10.679680109024048,0:231.88139000, 1:191.49129000, 2:1022"
"10.712591171264648,0:231.88121000, 1:191.49127000, 2:1018"
"10.746500015258789,0:231.88120000, 1:191.49121000, 2:1020"
"10.779921293258667,0:231.88084000, 1:191.49156000, 2:1020"
"10.845744848251343,0:231.88052000, 1:191.49156000, 2:1021"
"10.880164861679077,0:231.88033000, 1:191.49193000, 2:1022"
"10.9120774269104,0:231.88008000, 1:191.49214000, 2:1020"
"10.94598650932312,0:231.87979000, 1:191.49226000, 2:1023"
"11.01231575012207,0:231.87947000, 1:191.49261000, 2:1019"
"11.04522705078125,0:231.87938000, 1:191.49278000, 2:1021"
"11.07913589477539,0:231.87935000, 1:191.49309000, 2:1019"
"11.112048387527466,0:231.87921000, 1:191.49309000, 2:1020"
"11.145957708358765,0:231.87892000, 1:191.49312000, 2:1019"
"11.211782217025757,0:231.87892000, 1:191.49307000, 2:1019"
"11.245690822601318,0:231.87874000, 1:191.49315000, 2:1022"
"11.278603076934814,0:231.87866000, 1:191.49361000, 2:1019"
"11.312512874603271,0:231.87859000, 1:191.49399000, 2:1023"
"11.34542465209961,0:231.87862000, 1:191.49440000, 2:1021"
"11.412246227264404,0:231.87849000, 1:191.49489000, 2:1023"
"11.446156740188599,0:231.87852000, 1:191.49544000, 2:1021"
"11.4790678024292,0:231.87840000, 1:191.49591000, 2:1019"
"11.512977838516235,0:231.87836000, 1:191.49625000, 2:1020"
"11.578800439834595,0:231.87830000, 1:191.49672000, 2:1018"
"11.61271071434021,0:231.87822000, 1:191.49699000, 2:1020"
"11.64661979675293,0:231.87810000, 1:191.49744000, 2:1018"
"11.679531812667847,0:231.87830000, 1:191.49791000, 2:1023"
"11.713440656661987,0:231.87845000, 1:191.49834000, 2:1020"
"11.779267311096191,0:231.87856000, 1:191.49887000, 2:1021"
"11.812176942825317,0:231.87854000, 1:191.49939000, 2:1021"
"11.845088481903076,0:231.87834000, 1:191.49960000, 2:1020"
"11.878504991531372,0:231.87816000, 1:191.49933000, 2:1023"
"11.945326805114746,0:231.87781000, 1:191.49959000, 2:1019"
"11.978238105773926,0:231.87772000, 1:191.49994000, 2:1021"
"12.012147188186646,0:231.87773000, 1:191.50012000, 2:1018"
"12.04605746269226,0:231.87737000, 1:191.50011000, 2:1020"
"12.07896900177002,0:231.87732000, 1:191.50043000, 2:1019"
"12.144794464111328,0:231.87720000, 1:191.50073000, 2:1019"
"12.178702592849731,0:231.87726000, 1:191.50099000, 2:1022"
"12.212613344192505,0:231.87727000, 1:191.50113000, 2:1019"
"12.246521711349487,0:231.87740000, 1:191.50119000, 2:1022"
"12.312346696853638,0:231.87727000, 1:191.50119000, 2:1020"
"12.345257997512817,0:231.87694000, 1:191.50087000, 2:1023"
"12.378676891326904,0:231.87653000, 1:191.50044000, 2:1020"
"12.412586450576782,0:231.87576000, 1:191.49957000, 2:1020"
"12.445497512817383,0:231.87488000, 1:191.49899000, 2:1020"
"12.51182770729065,0:231.87373000, 1:191.49791000, 2:1018"
"12.545737266540527,0:231.87222000, 1:191.49658000, 2:1020"
"12.578155755996704,0:231.87128000, 1:191.49557000, 2:1018"
"12.612065315246582,0:231.87047000, 1:191.49493000, 2:1022"
"12.64597487449646,0:231.86996000, 1:191.49432000, 2:1021"
"12.71130657196045,0:231.86938000, 1:191.49413000, 2:1022"
"12.745214939117432,0:231.86916000, 1:191.49438000, 2:1020"
"12.778127193450928,0:231.86917000, 1:191.49486000, 2:1021"
"12.812036275863647,0:231.86909000, 1:191.49539000, 2:1022"
"12.87885856628418,0:231.86928000, 1:191.49580000, 2:1018"
"12.91176986694336,0:231.86888000, 1:191.49597000, 2:1021"
"12.944681882858276,0:231.86830000, 1:191.49591000, 2:1019"
"12.978591203689575,0:231.86775000, 1:191.49593000, 2:1020"
"13.011503458023071,0:231.86787000, 1:191.49655000, 2:1019"
"13.079322814941406,0:231.86844000, 1:191.49777000, 2:1020"
"13.112234830856323,0:231.86961000, 1:191.49979000, 2:1022"
"13.146144151687622,0:231.87071000, 1:191.50209000, 2:1020"
"13.179056406021118,0:231.87227000, 1:191.50438000, 2:1022"
"13.244880437850952,0:231.87419000, 1:191.50745000, 2:1019"
"13.278789281845093,0:231.87589000, 1:191.51041000, 2:1022"
"13.311700820922852,0:231.87755000, 1:191.51334000, 2:1019"
"13.345612049102783,0:231.87866000, 1:191.51596000, 2:1020"
"13.378522396087646,0:231.87991000, 1:191.51826000, 2:1020"
"13.445343494415283,0:231.88106000, 1:191.52039000, 2:1018"
"13.478255271911621,0:231.88084000, 1:191.52054000, 2:1020"
"13.51216459274292,0:231.88048000, 1:191.51988000, 2:1020"
"13.545076847076416,0:231.87866000, 1:191.51662000, 2:1023"
"13.611405611038208,0:231.87602000, 1:191.51349000, 2:1020"
"13.64531421661377,0:231.87384000, 1:191.51082000, 2:1022"
"13.678226470947266,0:231.87218000, 1:191.50864000, 2:1020"
"13.712135791778564,0:231.87041000, 1:191.50620000, 2:1021"
"13.745047807693481,0:231.86821000, 1:191.50349000, 2:1020"
"13.811868906021118,0:231.86559000, 1:191.50040000, 2:1019"
"13.844781160354614,0:231.86220000, 1:191.50107000, 2:1020"
"13.878690242767334,0:231.85660000, 1:191.50204000, 2:1018"
"13.911602258682251,0:231.84099000, 1:191.51393000, 2:1020"
"13.945512771606445,0:231.82478000, 1:191.52414000, 2:1020"
"14.011336088180542,0:231.80492000, 1:191.53719000, 2:1023"
"14.045245170593262,0:231.78925000, 1:191.55338000, 2:1021"
"14.078709840774536,0:231.77173000, 1:191.57179000, 2:1019"
"14.111621856689453,0:231.75397000, 1:191.58928000, 2:1021"
"14.178953170776367,0:231.73746000, 1:191.60753000, 2:1019"
"14.211864948272705,0:231.71912000, 1:191.62808000, 2:1021"
"14.244775772094727,0:231.70157000, 1:191.65129000, 2:1018"
"14.278196573257446,0:231.68068000, 1:191.67657000, 2:1021"
"14.312101364135742,0:231.66321000, 1:191.69926000, 2:1019"
"14.378445148468018,0:231.64478000, 1:191.72127000, 2:1019"
"14.411342859268188,0:231.62294000, 1:191.74236000, 2:1022"
"14.445252180099487,0:231.60558000, 1:191.76196000, 2:1020"
"14.478163957595825,0:231.58586000, 1:191.78230000, 2:1023"
"14.544985294342041,0:231.56654000, 1:191.80194000, 2:1020"
"14.577897310256958,0:231.55713000, 1:191.80194000, 2:1021"
"14.611806631088257,0:231.55460000, 1:191.80775000, 2:1020"
"14.644719123840332,0:231.54514000, 1:191.81357000, 2:1020"
"14.678629159927368,0:231.53635000, 1:191.81931000, 2:1020"
"14.744451999664307,0:231.53415000, 1:191.82060000, 2:1019"
"14.778361320495605,0:231.52829000, 1:191.81970000, 2:1021"
"14.811273574829102,0:231.52271000, 1:191.82156000, 2:1018"
"14.845183610916138,0:231.51659000, 1:191.82101000, 2:1021"
"14.911006927490234,0:231.51184000, 1:191.82314000, 2:1020"
"14.944916248321533,0:231.51016000, 1:191.82527000, 2:1023"
"14.977828025817871,0:231.51003000, 1:191.82262000, 2:1020"
"15.011738061904907,0:231.51482000, 1:191.82072000, 2:1020"
"15.044649362564087,0:231.51320000, 1:191.81866000, 2:1021"
"15.11147165298462,0:231.51161000, 1:191.81795000, 2:1018"
"15.144382953643799,0:231.51291000, 1:191.81842000, 2:1021"
"15.178292274475098,0:231.51041000, 1:191.81891000, 2:1018"
"15.211204051971436,0:231.51062000, 1:191.82034000, 2:1022"
"15.245113611221313,0:231.51535000, 1:191.82111000, 2:1019"
"15.311442136764526,0:231.52127000, 1:191.81642000, 2:1021"
"15.344354152679443,0:231.53056000, 1:191.81642000, 2:1022"
"15.378263235092163,0:231.54402000, 1:191.80557000, 2:1019"
"15.41117548942566,0:231.55614000, 1:191.76334000, 2:1021"
"15.477996826171875,0:231.56558000, 1:191.72224000, 2:1019"
"15.510908603668213,0:231.58264000, 1:191.68161000, 2:1023"
"15.545816421508789,0:231.59714000, 1:191.63707000, 2:1016"
"15.578728675842285,0:231.60399000, 1:191.58571000, 2:1020"
"15.612643480300903,0:231.60533000, 1:191.52495000, 2:1019"
"15.677464008331299,0:231.61977000, 1:191.46120000, 2:1021"
"15.711373090744019,0:231.63484000, 1:191.40077000, 2:1023"
"15.745282411575317,0:231.65091000, 1:191.33400000, 2:1023"
"15.778194189071655,0:231.68062000, 1:191.25529000, 2:1023"
"15.844523668289185,0:231.71227000, 1:191.17355000, 2:1023"
"15.87743592262268,0:231.74973000, 1:191.08916000, 2:1023"
"15.910852432250977,0:231.78117000, 1:190.99052000, 2:1014"
"15.944761753082275,0:231.79102000, 1:190.89410000, 2:1012"
"15.97767424583435,0:231.79579000, 1:190.80725000, 2:1013"
"16.044002056121826,0:231.78940000, 1:190.73070000, 2:1013"
"16.077911615371704,0:231.77214000, 1:190.69020000, 2:1016"
"16.111327648162842,0:231.75017000, 1:190.65927000, 2:1015"
"16.144239902496338,0:231.72470000, 1:190.61604000, 2:1018"
"16.211061477661133,0:231.69496000, 1:190.57239000, 2:1017"
"16.24397349357605,0:231.66711000, 1:190.54987000, 2:1020"
"16.27788257598877,0:231.64842000, 1:190.53937000, 2:1019"
"16.310794591903687,0:231.64032000, 1:190.53937000, 2:1023"
"16.344703912734985,0:231.65773000, 1:190.54999000, 2:1022"
"16.4105281829834,0:231.68890000, 1:190.57686000, 2:1019"
"16.444437265396118,0:231.72096000, 1:190.61433000, 2:1020"
"16.477349281311035,0:231.75330000, 1:190.68985000, 2:1018"
"16.511258602142334,0:231.80746000, 1:190.79442000, 2:1020"
"16.54417109489441,0:231.89722000, 1:190.91158000, 2:1018"
"16.61099410057068,0:232.00005000, 1:191.06728000, 2:1019"
"16.644901990890503,0:232.12320000, 1:191.24831000, 2:1021"
"16.67781352996826,0:232.29182000, 1:191.43887000, 2:1020"
"16.71072554588318,0:232.49580000, 1:191.65721000, 2:1022"
"16.777546644210815,0:232.71791000, 1:191.87622000, 2:1019"
"16.81045889854431,0:232.96744000, 1:192.09869000, 2:1020"
"16.84436821937561,0:233.22446000, 1:192.31471000, 2:1019"
"16.877280473709106,0:233.48965000, 1:192.54190000, 2:1020"
"16.911189794540405,0:233.73967000, 1:192.76147000, 2:1018"
"16.97701382637024,0:233.97643000, 1:192.98468000, 2:1018"
"17.01043176651001,0:234.20695000, 1:193.20830000, 2:1019"
"17.04434084892273,0:234.41533000, 1:193.41348000, 2:1018"
"17.077252864837646,0:234.57953000, 1:193.60901000, 2:1022"
"17.144074201583862,0:234.73907000, 1:193.78951000, 2:1020"
"17.17698574066162,0:234.87161000, 1:193.93228000, 2:1021"
"17.2108952999115,0:234.95224000, 1:194.06525000, 2:1019"
"17.243807792663574,0:235.01447000, 1:194.16725000, 2:1020"
"17.277717113494873,0:235.05742000, 1:194.22830000, 2:1019"
"17.344538688659668,0:235.07077000, 1:194.26193000, 2:1019"
"17.37844944000244,0:235.08138000, 1:194.26483000, 2:1020"
"17.411359786987305,0:235.06345000, 1:194.26308000, 2:1018"
"17.44427227973938,0:235.03421000, 1:194.25543000, 2:1020"
"17.510599374771118,0:234.98503000, 1:194.23650000, 2:1019"
"17.54351305961609,0:234.94087000, 1:194.20410000, 2:1022"
"17.577420949935913,0:234.88458000, 1:194.16566000, 2:1021"
"17.610837697982788,0:234.84274000, 1:194.12929000, 2:1021"
"17.643750190734863,0:234.79802000, 1:194.07806000, 2:1021"
"17.710078239440918,0:234.75739000, 1:194.02834000, 2:1020"
"17.743987321853638,0:234.72865000, 1:193.96625000, 2:1021"
"17.777896881103516,0:234.71353000, 1:193.90337000, 2:1019"
"17.81031608581543,0:234.69685000, 1:193.85521000, 2:1021"
"17.84422516822815,0:234.67224000, 1:193.82027000, 2:1020"
"17.910049200057983,0:234.66585000, 1:193.77785000, 2:1019"
"17.94395875930786,0:234.64949000, 1:193.73256000, 2:1020"
"17.97786831855774,0:234.64449000, 1:193.70325000, 2:1020"
"18.010780096054077,0:234.64186000, 1:193.68669000, 2:1022"
"18.07760214805603,0:234.65660000, 1:193.68599000, 2:1019"
"18.110514402389526,0:234.66006000, 1:193.67482000, 2:1020"
"18.14442467689514,0:234.68210000, 1:193.68567000, 2:1019"
"18.1783344745636,0:234.69656000, 1:193.69527000, 2:1020"
"18.21124505996704,0:234.72601000, 1:193.72542000, 2:1019"
"18.277068853378296,0:234.74715000, 1:193.75177000, 2:1019"
"18.309980154037476,0:234.77019000, 1:193.78789000, 2:1020"
"18.343889474868774,0:234.78015000, 1:193.83018000, 2:1019"
"18.37779927253723,0:234.79774000, 1:193.86559000, 2:1021"
"18.443622589111328,0:234.81874000, 1:193.88811000, 2:1021"
"18.476535320281982,0:234.83267000, 1:193.90747000, 2:1023"
"18.510444402694702,0:234.83746000, 1:193.92982000, 2:1022"
"18.54335618019104,0:234.85292000, 1:193.94298000, 2:1023"
"18.577265739440918,0:234.87604000, 1:193.95294000, 2:1022"
"18.64408779144287,0:234.88713000, 1:193.97403000, 2:1022"
"18.67699933052063,0:234.91092000, 1:193.99544000, 2:1022"
"18.71141481399536,0:234.91606000, 1:194.01810000, 2:1019"
"18.745326042175293,0:234.91606000, 1:194.03395000, 2:1020"
"18.81114959716797,0:234.90340000, 1:194.04999000, 2:1019"
"18.844061136245728,0:234.89795000, 1:194.06177000, 2:1021"
"18.877970457077026,0:234.88240000, 1:194.06689000, 2:1021"
"18.910881757736206,0:234.87534000, 1:194.07721000, 2:1021"
"18.944791316986084,0:234.86894000, 1:194.08624000, 2:1021"
"19.010615348815918,0:234.86559000, 1:194.10194000, 2:1019"
"19.04352855682373,0:234.86555000, 1:194.11174000, 2:1020"
"19.079432010650635,0:234.87010000, 1:194.12550000, 2:1018"
"19.110347986221313,0:234.87819000, 1:194.14803000, 2:1020"
"19.144257307052612,0:234.87343000, 1:194.16862000, 2:1019"
"19.210585594177246,0:234.85774000, 1:194.16862000, 2:1019"
"19.243497371673584,0:234.83855000, 1:194.16628000, 2:1020"
"19.277406930923462,0:234.81554000, 1:194.16260000, 2:1019"
"19.310845851898193,0:234.78900000, 1:194.14954000, 2:1022"
"19.376670360565186,0:234.75995000, 1:194.13145000, 2:1021"
"19.410088539123535,0:234.72969000, 1:194.11569000, 2:1022"
"19.443000078201294,0:234.70723000, 1:194.09502000, 2:1019"
"19.476909637451172,0:234.69072000, 1:194.08379000, 2:1020"
"19.51032567024231,0:234.68587000, 1:194.07022000, 2:1020"
"19.577147483825684,0:234.68735000, 1:194.06456000, 2:1019"
"19.611056566238403,0:234.68355000, 1:194.06636000, 2:1021"
"19.643969297409058,0:234.68033000, 1:194.05977000, 2:1018"
"19.676880598068237,0:234.66811000, 1:194.05331000, 2:1021"
"19.743702173233032,0:234.65816000, 1:194.04482000, 2:1018"
"19.77761220932007,0:234.64676000, 1:194.02856000, 2:1020"
"19.810524463653564,0:234.63518000, 1:194.01271000, 2:1021"
"19.84443473815918,0:234.63373000, 1:194.00383000, 2:1021"
"19.877345323562622,0:234.63373000, 1:194.00383000, 2:1021"
"19.943170070648193,0:234.65253000, 1:194.03011000, 2:1020"
"19.977077960968018,0:234.67906000, 1:194.06099000, 2:1021"
"20.009990215301514,0:234.69798000, 1:194.08357000, 2:1019"
"20.043899297714233,0:234.71494000, 1:194.11003000, 2:1020"
"20.109723329544067,0:234.72968000, 1:194.12993000, 2:1019"
"20.143632650375366,0:234.73317000, 1:194.14139000, 2:1021"
"20.176544666290283,0:234.74060000, 1:194.16318000, 2:1019"
"20.21045422554016,0:234.74255000, 1:194.18033000, 2:1019"
"20.244364738464355,0:234.74365000, 1:194.20255000, 2:1020"
"20.310187816619873,0:234.73775000, 1:194.21553000, 2:1019"
"20.34309959411621,0:234.73587000, 1:194.22943000, 2:1021"
"20.37800693511963,0:234.72935000, 1:194.24249000, 2:1019"
"20.410918712615967,0:234.71886000, 1:194.23308000, 2:1021"
"20.444338083267212,0:234.71857000, 1:194.22609000, 2:1020"
"20.51016092300415,0:234.72023000, 1:194.23262000, 2:1019"
"20.543072938919067,0:234.71315000, 1:194.22125000, 2:1021"
"20.576982736587524,0:234.69638000, 1:194.21246000, 2:1019"
"20.609894514083862,0:234.68559000, 1:194.20894000, 2:1021"
"20.676716327667236,0:234.66081000, 1:194.17664000, 2:1019"
"20.71062684059143,0:234.64163000, 1:194.16331000, 2:1021"
"20.744535446166992,0:234.63251000, 1:194.16066000, 2:1020"
"20.77744722366333,0:234.62663000, 1:194.15692000, 2:1022"
"20.81035828590393,0:234.62621000, 1:194.16553000, 2:1021"
"20.876182556152344,0:234.63979000, 1:194.17996000, 2:1020"
"20.910091161727905,0:234.64977000, 1:194.17812000, 2:1020"
"20.9430034160614,0:234.66505000, 1:194.17299000, 2:1019"
"20.9769127368927,0:234.67271000, 1:194.15361000, 2:1021"
"21.043241500854492,0:234.68700000, 1:194.13454000, 2:1019"
"21.07615351676941,0:234.69476000, 1:194.11151000, 2:1020"
"21.11006259918213,0:234.70236000, 1:194.09628000, 2:1018"
"21.143479108810425,0:234.71547000, 1:194.09621000, 2:1020"
"21.176391124725342,0:234.70753000, 1:194.09215000, 2:1022"
"21.24321222305298,0:234.70377000, 1:194.08127000, 2:1020"
"21.277122259140015,0:234.70715000, 1:194.08614000, 2:1022"
"21.31003475189209,0:234.71759000, 1:194.09607000, 2:1019"
"21.343945264816284,0:234.71547000, 1:194.09344000, 2:1021"
"21.409770250320435,0:234.72858000, 1:194.11293000, 2:1019"
"21.443679809570312,0:234.74393000, 1:194.12276000, 2:1021"
"21.477587461471558,0:234.75787000, 1:194.12823000, 2:1019"
"21.510498523712158,0:234.76892000, 1:194.12955000, 2:1019"
"21.544407844543457,0:234.76996000, 1:194.12294000, 2:1020"
"21.61023187637329,0:234.76335000, 1:194.11378000, 2:1019"
"21.64414381980896,0:234.75655000, 1:194.10487000, 2:1022"
"21.678051948547363,0:234.74664000, 1:194.09474000, 2:1020"
"21.710963487625122,0:234.74246000, 1:194.09544000, 2:1021"
"21.743874073028564,0:234.74208000, 1:194.09842000, 2:1020"
"21.80969786643982,0:234.74280000, 1:194.10379000, 2:1020"
"21.843607187271118,0:234.75046000, 1:194.11061000, 2:1020"
"21.876519441604614,0:234.75671000, 1:194.11592000, 2:1019"
"21.909431219100952,0:234.76895000, 1:194.12030000, 2:1022"
"21.976253747940063,0:234.77631000, 1:194.11711000, 2:1019"
"22.009164571762085,0:234.78244000, 1:194.11418000, 2:1022"
"22.044072151184082,0:234.79108000, 1:194.10632000, 2:1019"
"22.076984643936157,0:234.79407000, 1:194.09737000, 2:1021"
"22.109895706176758,0:234.78889000, 1:194.08557000, 2:1021"
"22.176717042922974,0:234.78256000, 1:194.07527000, 2:1020"
"22.20962929725647,0:234.77693000, 1:194.06787000, 2:1021"
"22.24353861808777,0:234.76912000, 1:194.05814000, 2:1019"
"22.276450157165527,0:234.76585000, 1:194.04967000, 2:1020"
"22.34227418899536,0:234.75562000, 1:194.03452000, 2:1019"
"22.376184225082397,0:234.74078000, 1:194.01707000, 2:1021"
"22.410094261169434,0:234.70609000, 1:193.98006000, 2:1021"
"22.444003582000732,0:234.63564000, 1:193.90880000, 2:1020"
"22.476914405822754,0:234.53894000, 1:193.81609000, 2:1020"
"22.54324746131897,0:234.41383000, 1:193.70177000, 2:1020"
"22.57615900039673,0:234.25439000, 1:193.55779000, 2:1021"
"22.609070539474487,0:234.06602000, 1:193.37909000, 2:1019"
"22.643484592437744,0:233.85202000, 1:193.18796000, 2:1021"
"22.709309101104736,0:233.61577000, 1:192.97755000, 2:1019"
"22.742220401763916,0:233.35165000, 1:192.73598000, 2:1021"
"22.776129484176636,0:233.06779000, 1:192.47458000, 2:1020"
"22.809041738510132,0:232.76659000, 1:192.19963000, 2:1020"
"22.842950582504272,0:232.44321000, 1:191.90347000, 2:1022"
"22.909772634506226,0:232.09967000, 1:191.59280000, 2:1020"
"22.9426851272583,0:231.74863000, 1:191.27620000, 2:1021"
"22.976593732833862,0:231.40640000, 1:190.96259000, 2:1019"
"23.00950574874878,0:231.05232000, 1:190.64505000, 2:1021"
"23.043415069580078,0:230.71692000, 1:190.34230000, 2:1020"
"23.109240531921387,0:230.40938000, 1:190.06711000, 2:1020"
"23.14314913749695,0:230.12125000, 1:189.81329000, 2:1021"
"23.17606019973755,0:229.85730000, 1:189.57161000, 2:1018"
"23.209970951080322,0:229.62184000, 1:189.35867000, 2:1020"
"23.27679204940796,0:229.41245000, 1:189.17967000, 2:1019"
"23.309704780578613,0:229.22876000, 1:189.01294000, 2:1021"
"23.34361481666565,0:229.06581000, 1:188.86499000, 2:1020"
"23.376524448394775,0:228.93349000, 1:188.74821000, 2:1020"
"23.40943670272827,0:228.81754000, 1:188.64479000, 2:1020"
"23.476257801055908,0:228.71634000, 1:188.55717000, 2:1020"
"23.509169578552246,0:228.63882000, 1:188.48976000, 2:1022"
"23.543079137802124,0:228.58084000, 1:188.43568000, 2:1020"
"23.57599115371704,0:228.53044000, 1:188.39542000, 2:1021"
"23.64281415939331,0:228.48463000, 1:188.36325000, 2:1019"
"23.676722526550293,0:228.45001000, 1:188.33672000, 2:1020"
"23.70963478088379,0:228.41823000, 1:188.31761000, 2:1020"
"23.743545055389404,0:228.38725000, 1:188.29858000, 2:1021"
"23.777454614639282,0:228.35974000, 1:188.28085000, 2:1021"
"23.84327793121338,0:228.33450000, 1:188.26736000, 2:1019"
"23.877187490463257,0:228.30946000, 1:188.25464000, 2:1021"
"23.910099029541016,0:228.28441000, 1:188.24055000, 2:1019"
"23.943012952804565,0:228.26074000, 1:188.22713000, 2:1021"
"24.00883460044861,0:228.23747000, 1:188.21410000, 2:1020"
"24.042251586914062,0:228.21745000, 1:188.20210000, 2:1021"
"24.076160192489624,0:228.19812000, 1:188.19321000, 2:1019"
"24.11007046699524,0:228.17960000, 1:188.18407000, 2:1019"
"24.143494367599487,0:228.16138000, 1:188.17357000, 2:1021"
"24.208829402923584,0:228.14064000, 1:188.16331000, 2:1019"
"24.242738485336304,0:228.12004000, 1:188.15111000, 2:1022"
"24.27565026283264,0:228.09285000, 1:188.13495000, 2:1020"
"24.3095600605011,0:228.06593000, 1:188.12001000, 2:1020"
"24.342471599578857,0:228.03630000, 1:188.10263000, 2:1020"
"24.409293174743652,0:228.01036000, 1:188.08922000, 2:1020"
"24.442205667495728,0:227.99585000, 1:188.08351000, 2:1021"
"24.476114511489868,0:227.99585000, 1:188.08351000, 2:1019"
"24.509026527404785,0:228.01434000, 1:188.11101000, 2:1020"
"24.57584834098816,0:228.10002000, 1:188.19962000, 2:1019"
"24.609758377075195,0:228.29002000, 1:188.40387000, 2:1020"
"24.642669677734375,0:228.61230000, 1:188.69304000, 2:1019"
"24.676578998565674,0:228.97517000, 1:189.03104000, 2:1021"
"24.70849370956421,0:229.35474000, 1:189.39113000, 2:1021"
"24.775314331054688,0:229.73376000, 1:189.75543000, 2:1019"
"24.809223890304565,0:230.12262000, 1:190.13594000, 2:1021"
"24.84213614463806,0:230.52792000, 1:190.51907000, 2:1020"
"24.87604546546936,0:230.93831000, 1:190.90788000, 2:1021"
"24.941869735717773,0:231.36086000, 1:191.29935000, 2:1019"
"24.97577929496765,0:231.79254000, 1:191.68839000, 2:1020"
"25.00869059562683,0:232.22177000, 1:192.06915000, 2:1018"
"25.04260015487671,0:232.65965000, 1:192.45724000, 2:1019"
"25.076017141342163,0:233.09711000, 1:192.84676000, 2:1022"
"25.141840934753418,0:233.52431000, 1:193.23058000, 2:1019"
"25.175257205963135,0:233.91963000, 1:193.58463000, 2:1022"
"25.209166526794434,0:234.24362000, 1:193.88194000, 2:1019"
"25.24207901954651,0:234.46761000, 1:194.06367000, 2:1021"
"25.308406352996826,0:234.55580000, 1:194.16379000, 2:1019"
"25.342315673828125,0:234.60233000, 1:194.21219000, 2:1021"
"25.37522792816162,0:234.63141000, 1:194.23863000, 2:1021"
"25.40913724899292,0:234.65767000, 1:194.25761000, 2:1019"
"25.443047285079956,0:234.67583000, 1:194.26840000, 2:1020"
"25.508870601654053,0:234.67769000, 1:194.26549000, 2:1018"
"25.54178237915039,0:234.68117000, 1:194.26556000, 2:1022"
"25.57569169998169,0:234.68221000, 1:194.25723000, 2:1020"
"25.608603954315186,0:234.67722000, 1:194.25258000, 2:1022"
"25.642513036727905,0:234.66898000, 1:194.23743000, 2:1021"
"25.709335565567017,0:234.65833000, 1:194.23613000, 2:1020"
"25.742247343063354,0:234.65331000, 1:194.24318000, 2:1020"
"25.775667190551758,0:234.64058000, 1:194.24652000, 2:1020"
"25.809576749801636,0:234.63147000, 1:194.24832000, 2:1021"
"25.874908685684204,0:234.61967000, 1:194.24428000, 2:1019"
"25.90881872177124,0:234.61349000, 1:194.23907000, 2:1020"
"25.942728519439697,0:234.60812000, 1:194.22783000, 2:1019"
"25.975146532058716,0:234.60780000, 1:194.22366000, 2:1020"
"26.009055852890015,0:234.60620000, 1:194.21895000, 2:1021"
"26.075385093688965,0:234.60992000, 1:194.21986000, 2:1022"
"26.109293937683105,0:234.61528000, 1:194.21753000, 2:1022"
"26.142205715179443,0:234.61989000, 1:194.21831000, 2:1020"
"26.17611527442932,0:234.62669000, 1:194.21986000, 2:1022"
"26.24194025993347,0:234.63428000, 1:194.22691000, 2:1019"
"26.275849103927612,0:234.63977000, 1:194.22896000, 2:1021"
"26.30876064300537,0:234.64767000, 1:194.23697000, 2:1019"
"26.341672658920288,0:234.64734000, 1:194.24306000, 2:1018"
"26.375581979751587,0:234.65216000, 1:194.25516000, 2:1020"
"26.44140601158142,0:234.65329000, 1:194.26308000, 2:1019"
"26.47531509399414,0:234.65302000, 1:194.26788000, 2:1021"
"26.508227348327637,0:234.65302000, 1:194.26933000, 2:1021"
"26.542136669158936,0:234.64783000, 1:194.26640000, 2:1023"
"26.60895848274231,0:234.64499000, 1:194.26855000, 2:1019"
"26.641870737075806,0:234.64011000, 1:194.26933000, 2:1021"
"26.674782037734985,0:234.63431000, 1:194.26933000, 2:1020"
"26.708691358566284,0:234.61110000, 1:194.24078000, 2:1019"
"26.74160361289978,0:234.58008000, 1:194.21063000, 2:1020"
"26.808425188064575,0:234.54425000, 1:194.17430000, 2:1020"
"26.841337203979492,0:234.47420000, 1:194.10513000, 2:1021"
"26.875246047973633,0:234.38814000, 1:194.00359000, 2:1019"
"26.90915560722351,0:234.28409000, 1:193.88069000, 2:1021"
"26.94206738471985,0:234.14290000, 1:193.88069000, 2:1022"
"27.008396863937378,0:233.96332000, 1:193.72874000, 2:1021"
"27.041308641433716,0:233.73457000, 1:193.49934000, 2:1021"
"27.075218200683594,0:233.47710000, 1:193.25212000, 2:1020"
"27.109127283096313,0:233.19412000, 1:192.97411000, 2:1021"
"27.174951314926147,0:232.90067000, 1:192.67577000, 2:1019"
"27.207863330841064,0:232.59723000, 1:192.36232000, 2:1021"
"27.241772651672363,0:232.27165000, 1:192.03229000, 2:1020"
"27.2746844291687,0:231.93361000, 1:191.68463000, 2:1019"
"27.308594226837158,0:231.58124000, 1:191.32469000, 2:1020"
"27.374418020248413,0:231.22147000, 1:190.95059000, 2:1019"
"27.408327341079712,0:230.85765000, 1:190.58327000, 2:1022"
"27.442237615585327,0:230.48630000, 1:190.20897000, 2:1021"
"27.47465944290161,0:230.13684000, 1:189.82713000, 2:1022"
"27.541481018066406,0:229.79826000, 1:189.46947000, 2:1019"
"27.574897527694702,0:229.46953000, 1:189.13287000, 2:1020"
"27.60780930519104,0:229.17421000, 1:188.81305000, 2:1020"
"27.641718864440918,0:228.91153000, 1:188.51762000, 2:1019"
"27.67513632774353,0:228.69398000, 1:188.28947000, 2:1020"
"27.741958141326904,0:228.69398000, 1:188.07632000, 2:1019"
"27.775376796722412,0:228.50449000, 1:187.89226000, 2:1021"
"27.808289051055908,0:228.33871000, 1:187.72908000, 2:1019"
"27.841201066970825,0:228.18094000, 1:187.58041000, 2:1022"
"27.90802264213562,0:228.03622000, 1:187.45415000, 2:1021"
"27.94193172454834,0:227.91565000, 1:187.34706000, 2:1022"
"27.974843978881836,0:227.80971000, 1:187.25443000, 2:1020"
"28.007755756378174,0:227.71870000, 1:187.17812000, 2:1019"
"28.041665077209473,0:227.65315000, 1:187.12091000, 2:1020"
"28.108486890792847,0:227.59734000, 1:187.07414000, 2:1018"
"28.142397165298462,0:227.54941000, 1:187.03436000, 2:1021"
"28.175307989120483,0:227.51147000, 1:187.00224000, 2:1018"
"28.2082200050354,0:227.47908000, 1:186.98030000, 2:1020"
"28.242130279541016,0:227.45187000, 1:186.96010000, 2:1020"
"28.308952569961548,0:227.42685000, 1:186.94307000, 2:1021"
"28.34186291694641,0:227.40381000, 1:186.93036000, 2:1023"
"28.37477445602417,0:227.38554000, 1:186.91563000, 2:1020"
"28.40868377685547,0:227.36826000, 1:186.90167000, 2:1022"
"28.47450876235962,0:227.35075000, 1:186.88823000, 2:1019"
"28.50841736793518,0:227.33522000, 1:186.87540000, 2:1021"
"28.541329383850098,0:227.32664000, 1:186.86829000, 2:1019"
"28.575239419937134,0:227.32190000, 1:186.86777000, 2:1019"
"28.608150720596313,0:227.32295000, 1:186.86739000, 2:1020"
"28.674479722976685,0:227.32747000, 1:186.87183000, 2:1019"
"28.708388328552246,0:227.33234000, 1:186.87836000, 2:1020"
"28.741300344467163,0:227.33502000, 1:186.88377000, 2:1020"
"28.775209665298462,0:227.33638000, 1:186.89023000, 2:1023"
"28.841033458709717,0:227.35359000, 1:186.90746000, 2:1020"
"28.874943256378174,0:227.40056000, 1:186.95490000, 2:1022"
"28.90785503387451,0:227.51814000, 1:187.10028000, 2:1020"
"28.94176435470581,0:227.77031000, 1:187.34068000, 2:1020"
"28.975674390792847,0:228.11107000, 1:187.67044000, 2:1019"
"29.04149842262268,0:228.53265000, 1:188.08426000, 2:1018"
"29.07440972328186,0:228.99135000, 1:188.53568000, 2:1021"
"29.10831928253174,0:229.46294000, 1:189.01715000, 2:1018"
"29.141231060028076,0:229.93727000, 1:189.50082000, 2:1021"
"29.20755910873413,0:230.41466000, 1:189.98570000, 2:1021"
"29.241468906402588,0:230.88898000, 1:190.47220000, 2:1023"
"29.274885892868042,0:231.34404000, 1:190.94232000, 2:1022"
"29.30779767036438,0:231.77527000, 1:191.39648000, 2:1020"
"29.34170699119568,0:232.20529000, 1:191.84694000, 2:1021"
"29.408036708831787,0:232.62859000, 1:192.28610000, 2:1020"
"29.440948009490967,0:233.06056000, 1:192.72951000, 2:1020"
"29.474365949630737,0:233.48129000, 1:193.16573000, 2:1019"
"29.508275032043457,0:233.87274000, 1:193.57069000, 2:1020"
"29.541187047958374,0:234.20004000, 1:193.87822000, 2:1019"
"29.608008861541748,0:234.39371000, 1:194.08565000, 2:1019"
"29.640920400619507,0:234.50362000, 1:194.20923000, 2:1022"
"29.674830436706543,0:234.53349000, 1:194.24852000, 2:1021"
"29.7077419757843,0:234.55405000, 1:194.25691000, 2:1023"
"29.774563550949097,0:234.56075000, 1:194.26668000, 2:1019"
"29.808473110198975,0:234.56035000, 1:194.25499000, 2:1021"
"29.841384887695312,0:234.55585000, 1:194.24179000, 2:1020"
"29.87529444694519,0:234.55171000, 1:194.22719000, 2:1020"
"29.90820574760437,0:234.54654000, 1:194.20621000, 2:1019"
"29.975028038024902,0:234.54320000, 1:194.19365000, 2:1018"
"30.00793957710266,0:234.55147000, 1:194.18765000, 2:1020"
"30.040851831436157,0:234.57362000, 1:194.18329000, 2:1019"
"30.07476043701172,0:234.59683000, 1:194.17976000, 2:1021"
"30.140584468841553,0:234.60840000, 1:194.18301000, 2:1021"
"30.17449402809143,0:234.62369000, 1:194.18434000, 2:1022"
"30.207406044006348,0:234.64143000, 1:194.18486000, 2:1021"
"30.241316080093384,0:234.65961000, 1:194.18825000, 2:1020"
"30.274227142333984,0:234.67616000, 1:194.19565000, 2:1020"
"30.3410484790802,0:234.69360000, 1:194.20995000, 2:1020"
"30.373961210250854,0:234.71306000, 1:194.22459000, 2:1020"
"30.407377243041992,0:234.72948000, 1:194.24246000, 2:1019"
"30.44128656387329,0:234.74313000, 1:194.25890000, 2:1020"
"30.507110595703125,0:234.74814000, 1:194.26527000, 2:1019"
"30.541019916534424,0:234.74382000, 1:194.26706000, 2:1021"
"30.57393193244934,0:234.73427000, 1:194.26454000, 2:1021"
"30.60784125328064,0:234.72842000, 1:194.26868000, 2:1021"
"30.640753507614136,0:234.72031000, 1:194.26868000, 2:1023"
"30.70757532119751,0:234.71230000, 1:194.27258000, 2:1020"
"30.74048686027527,0:234.70711000, 1:194.28156000, 2:1021"
"30.774396419525146,0:234.70183000, 1:194.29027000, 2:1019"
"30.808305501937866,0:234.69507000, 1:194.30493000, 2:1019"
"30.841217279434204,0:234.69531000, 1:194.31544000, 2:1019"
"30.907546520233154,0:234.69073000, 1:194.32675000, 2:1019"
"30.940458059310913,0:234.68523000, 1:194.33784000, 2:1019"
"30.974367380142212,0:234.67700000, 1:194.34564000, 2:1019"
"31.0077908039093,0:234.67461000, 1:194.35361000, 2:1021"
"31.073614835739136,0:234.67250000, 1:194.35472000, 2:1020"
"31.10703158378601,0:234.67274000, 1:194.34761000, 2:1022"
"31.14094114303589,0:234.67274000, 1:194.33630000, 2:1021"
"31.173853158950806,0:234.67987000, 1:194.30786000, 2:1020"
"31.208267211914062,0:234.70227000, 1:194.27724000, 2:1020"
"31.27409076690674,0:234.73030000, 1:194.25040000, 2:1019"
"31.307002544403076,0:234.77592000, 1:194.20627000, 2:1020"
"31.340911865234375,0:234.81973000, 1:194.15787000, 2:1018"
"31.37382411956787,0:234.86923000, 1:194.09856000, 2:1020"
"31.440648555755615,0:234.92844000, 1:194.03333000, 2:1019"
"31.474555492401123,0:234.99101000, 1:193.95676000, 2:1021"
"31.50846576690674,0:235.05862000, 1:193.87692000, 2:1022"
"31.54037880897522,0:235.13182000, 1:193.78908000, 2:1021"
"31.57428812980652,0:235.21213000, 1:193.70158000, 2:1021"
"31.640112161636353,0:235.29454000, 1:193.61232000, 2:1019"
"31.67402148246765,0:235.38135000, 1:193.51880000, 2:1021"
"31.706934213638306,0:235.46529000, 1:193.42505000, 2:1019"
"31.740842819213867,0:235.54498000, 1:193.33498000, 2:1020"
"31.807664394378662,0:235.61884000, 1:193.25046000, 2:1019"
"31.84057641029358,0:235.68871000, 1:193.18242000, 2:1021"
"31.873488426208496,0:235.74030000, 1:193.11673000, 2:1020"
"31.907397747039795,0:235.79587000, 1:193.05138000, 2:1020"
"31.940309762954712,0:235.84161000, 1:193.00171000, 2:1022"
"32.007131576538086,0:235.88222000, 1:192.95963000, 2:1019"
"32.041041135787964,0:235.92462000, 1:192.92319000, 2:1022"
"32.0739529132843,0:235.95943000, 1:192.89537000, 2:1019"
"32.10836935043335,0:235.98816000, 1:192.87633000, 2:1020"
"32.14227867126465,0:236.01476000, 1:192.86064000, 2:1020"
"32.20810270309448,0:236.03152000, 1:192.84862000, 2:1019"
"32.241015672683716,0:236.04280000, 1:192.83437000, 2:1019"
"32.27492427825928,0:236.04634000, 1:192.82013000, 2:1018"
"32.30783534049988,0:236.04759000, 1:192.80873000, 2:1021"
"32.37366056442261,0:236.04416000, 1:192.79660000, 2:1019"
"32.407569885253906,0:236.03622000, 1:192.78539000, 2:1022"
"32.440481424331665,0:236.02965000, 1:192.77725000, 2:1022"
"32.474390268325806,0:236.02325000, 1:192.77011000, 2:1022"
"32.507301807403564,0:236.01749000, 1:192.76527000, 2:1020"
"32.57412338256836,0:236.00728000, 1:192.76523000, 2:1019"
"32.607542753219604,0:235.99139000, 1:192.76523000, 2:1020"
"32.6404550075531,0:235.96268000, 1:192.77786000, 2:1018"
"32.67336678504944,0:235.89342000, 1:192.80014000, 2:1020"
"32.74069285392761,0:235.80969000, 1:192.87747000, 2:1018"
"32.77360486984253,0:235.71193000, 1:192.97577000, 2:1021"
"32.807021379470825,0:235.61569000, 1:193.08597000, 2:1021"
"32.83993315696716,0:235.52617000, 1:193.19666000, 2:1021"
"32.87384247779846,0:235.44896000, 1:193.30247000, 2:1022"
"32.94017171859741,0:235.38254000, 1:193.40874000, 2:1021"
"32.97408127784729,0:235.31367000, 1:193.51981000, 2:1021"
"33.007500886917114,0:235.23849000, 1:193.62370000, 2:1019"
"33.040412187576294,0:235.15666000, 1:193.62370000, 2:1020"
"33.10723376274109,0:235.06847000, 1:193.71552000, 2:1019"
"33.140145778656006,0:234.97902000, 1:193.80983000, 2:1019"
"33.17505359649658,0:234.88544000, 1:193.89397000, 2:1020"
"33.20796537399292,0:234.79315000, 1:193.98096000, 2:1019"
"33.24087619781494,0:234.70764000, 1:194.06984000, 2:1022"
"33.306700706481934,0:234.63606000, 1:194.15562000, 2:1020"
"33.340609550476074,0:234.60779000, 1:194.23883000, 2:1022"
"33.37352132797241,0:234.58618000, 1:194.31683000, 2:1021"
"33.40743088722229,0:234.58784000, 1:194.34209000, 2:1021"
"33.44034290313721,0:234.60301000, 1:194.34816000, 2:1020"
"33.507164478302,0:234.61606000, 1:194.33678000, 2:1019"
"33.54007625579834,0:234.61797000, 1:194.32083000, 2:1019"
"33.57398581504822,0:234.61530000, 1:194.30696000, 2:1018"
"33.606897592544556,0:234.60107000, 1:194.29694000, 2:1021"
"33.67371892929077,0:234.58145000, 1:194.28145000, 2:1019"
"33.70663118362427,0:234.57314000, 1:194.27208000, 2:1021"
"33.740540504455566,0:234.56671000, 1:194.26375000, 2:1021"
"33.773452281951904,0:234.56252000, 1:194.27490000, 2:1022"
"33.80736184120178,0:234.56462000, 1:194.27971000, 2:1023"
"33.874183654785156,0:234.56941000, 1:194.28482000, 2:1020"
"33.90709590911865,0:234.58005000, 1:194.29395000, 2:1021"
"33.94100546836853,0:234.59935000, 1:194.30132000, 2:1018"
"33.97391748428345,0:234.61409000, 1:194.30756000, 2:1020"
"34.039740562438965,0:234.62308000, 1:194.31310000, 2:1018"
"34.073649883270264,0:234.62903000, 1:194.31030000, 2:1020"
"34.10656189918518,0:234.63490000, 1:194.30476000, 2:1020"
"34.14047122001648,0:234.63603000, 1:194.29489000, 2:1020"
"34.1733832359314,0:234.64224000, 1:194.28691000, 2:1022"
"34.24020457267761,0:234.66646000, 1:194.27199000, 2:1021"
"34.27311658859253,0:234.69316000, 1:194.25459000, 2:1023"
"34.306532859802246,0:234.72443000, 1:194.23515000, 2:1020"
"34.340442180633545,0:234.77809000, 1:194.20251000, 2:1021"
"34.406771659851074,0:234.83186000, 1:194.15886000, 2:1019"
"34.43968391418457,0:234.88898000, 1:194.10646000, 2:1020"
"34.47359251976013,0:234.95441000, 1:194.04547000, 2:1019"
"34.507009506225586,0:235.02579000, 1:193.97882000, 2:1018"
"34.54091930389404,0:235.09756000, 1:193.91161000, 2:1021"
"34.60625505447388,0:235.17996000, 1:193.83559000, 2:1017"
"34.640164613723755,0:235.25569000, 1:193.74907000, 2:1022"
"34.673075914382935,0:235.33420000, 1:193.65726000, 2:1021"
"34.70649266242981,0:235.41763000, 1:193.56192000, 2:1022"
"34.74040222167969,0:235.49811000, 1:193.46362000, 2:1022"
"34.80622625350952,0:235.57890000, 1:193.36320000, 2:1019"
"34.84013557434082,0:235.65862000, 1:193.26430000, 2:1021"
"34.87304735183716,0:235.72127000, 1:193.17392000, 2:1018"
"34.906956911087036,0:235.77930000, 1:193.08270000, 2:1020"
"34.97278046607971,0:235.84216000, 1:192.99478000, 2:1018"
"35.00669002532959,0:235.88138000, 1:192.91486000, 2:1022"
"35.039602279663086,0:235.91997000, 1:192.84886000, 2:1020"
"35.073511362075806,0:235.95168000, 1:192.78934000, 2:1020"
"35.1064236164093,0:235.97629000, 1:192.73869000, 2:1022"
"35.17324471473694,0:235.99870000, 1:192.69412000, 2:1021"
"35.206156969070435,0:236.02167000, 1:192.65393000, 2:1023"
"35.240066051483154,0:236.03795000, 1:192.61804000, 2:1018"
"35.27297806739807,0:236.04935000, 1:192.59190000, 2:1021"
"35.339800119400024,0:236.05658000, 1:192.57301000, 2:1018"
"35.37271165847778,0:236.06911000, 1:192.56146000, 2:1019"
"35.40662097930908,0:236.07559000, 1:192.55458000, 2:1019"
"35.43953275680542,0:236.08084000, 1:192.55458000, 2:1019"
"35.47344207763672,0:236.08307000, 1:192.55458000, 2:1020"
"35.53926610946655,0:236.08307000, 1:192.55637000, 2:1018"
"35.57317566871643,0:236.07680000, 1:192.55983000, 2:1022"
"35.606609582901,0:236.06569000, 1:192.56979000, 2:1022"
"35.64050483703613,0:236.05072000, 1:192.58798000, 2:1022"
"35.70632743835449,0:236.02625000, 1:192.62402000, 2:1020"
"35.74023723602295,0:235.99266000, 1:192.67363000, 2:1020"
"35.773149728775024,0:235.95175000, 1:192.73767000, 2:1019"
"35.806061029434204,0:235.89868000, 1:192.82210000, 2:1017"
"35.8399703502655,0:235.83185000, 1:192.92111000, 2:1019"
"35.9067919254303,0:235.74406000, 1:193.04288000, 2:1018"
"35.93970346450806,0:235.65038000, 1:193.16638000, 2:1021"
"35.97261595726013,0:235.56339000, 1:193.29745000, 2:1021"
"36.00652503967285,0:235.48196000, 1:193.43695000, 2:1021"
"36.03943753242493,0:235.41028000, 1:193.57388000, 2:1022"
"36.106258392333984,0:235.34029000, 1:193.69809000, 2:1021"
"36.13967561721802,0:235.28128000, 1:193.81383000, 2:1021"
"36.172587871551514,0:235.21680000, 1:193.90941000, 2:1019"
"36.20749592781067,0:235.15771000, 1:193.99582000, 2:1020"
"36.27282977104187,0:235.09750000, 1:194.06245000, 2:1018"
"36.306739807128906,0:235.04073000, 1:194.12204000, 2:1019"
"36.34016180038452,0:234.98569000, 1:194.15482000, 2:1019"
"36.3740713596344,0:234.93495000, 1:194.17790000, 2:1020"
"36.406982421875,0:234.89836000, 1:194.19763000, 2:1021"
"36.47231459617615,0:234.86589000, 1:194.19913000, 2:1020"
"36.506223917007446,0:234.83662000, 1:194.19893000, 2:1022"
"36.54013395309448,0:234.81245000, 1:194.19145000, 2:1020"
"36.57404351234436,0:234.80241000, 1:194.15955000, 2:1022"
"36.638869285583496,0:234.79439000, 1:194.13258000, 2:1019"
"36.67277932167053,0:234.78329000, 1:194.09503000, 2:1019"
"36.706687927246094,0:234.77174000, 1:194.04918000, 2:1019"
"36.73959970474243,0:234.74805000, 1:193.99971000, 2:1018"
"36.772512435913086,0:234.72357000, 1:193.96207000, 2:1020"
"36.83933448791504,0:234.69417000, 1:193.93738000, 2:1019"
"36.87224531173706,0:234.66785000, 1:193.93219000, 2:1022"
"36.90615439414978,0:234.64339000, 1:193.93219000, 2:1021"
"36.94006371498108,0:234.62317000, 1:193.94110000, 2:1021"
"37.00588822364807,0:234.60698000, 1:193.96773000, 2:1022"
"37.03879976272583,0:234.58891000, 1:194.00992000, 2:1021"
"37.07270956039429,0:234.56776000, 1:194.06085000, 2:1021"
"37.10661840438843,0:234.54889000, 1:194.10910000, 2:1020"
"37.139530658721924,0:234.53406000, 1:194.15303000, 2:1021"
"37.2063524723053,0:234.52354000, 1:194.19385000, 2:1018"
"37.239264249801636,0:234.52354000, 1:194.23151000, 2:1019"
"37.272175788879395,0:234.52805000, 1:194.26501000, 2:1020"
"37.30608534812927,0:234.53960000, 1:194.29224000, 2:1021"
"37.33999490737915,0:234.55324000, 1:194.31660000, 2:1021"
"37.40581941604614,0:234.56429000, 1:194.33742000, 2:1020"
"37.43873071670532,0:234.57193000, 1:194.36244000, 2:1022"
"37.47264003753662,0:234.59296000, 1:194.38765000, 2:1020"
"37.50654935836792,0:234.60475000, 1:194.40942000, 2:1022"
"37.57237386703491,0:234.62488000, 1:194.42604000, 2:1020"
"37.60628294944763,0:234.63719000, 1:194.43253000, 2:1020"
"37.63919496536255,0:234.64674000, 1:194.43323000, 2:1020"
"37.67210674285889,0:234.65572000, 1:194.43323000, 2:1019"
"37.706016302108765,0:234.65572000, 1:194.41933000, 2:1020"
"37.7728374004364,0:234.66618000, 1:194.40721000, 2:1019"
"37.8057496547699,0:234.67862000, 1:194.39795000, 2:1022"
"37.839165449142456,0:234.69341000, 1:194.38863000, 2:1020"
"37.873075008392334,0:234.70500000, 1:194.37628000, 2:1022"
"37.93840670585632,0:234.70634000, 1:194.36203000, 2:1021"
"37.97231602668762,0:234.70395000, 1:194.34802000, 2:1021"
"38.00622534751892,0:234.70264000, 1:194.33470000, 2:1020"
"38.040136098861694,0:234.70035000, 1:194.32416000, 2:1019"
"38.073047399520874,0:234.69493000, 1:194.31277000, 2:1020"
"38.13887119293213,0:234.68704000, 1:194.31125000, 2:1018"
"38.1727819442749,0:234.66937000, 1:194.31264000, 2:1021"
"38.20669102668762,0:234.64345000, 1:194.31602000, 2:1019"
"38.24060034751892,0:234.60977000, 1:194.32480000, 2:1021"
"38.3054256439209,0:234.56888000, 1:194.33824000, 2:1021"
"38.3393349647522,0:234.52165000, 1:194.35991000, 2:1021"
"38.372246980667114,0:234.45609000, 1:194.40384000, 2:1021"
"38.40615653991699,0:234.39355000, 1:194.44936000, 2:1020"
"38.43906831741333,0:234.33177000, 1:194.49767000, 2:1021"
"38.505889654159546,0:234.25278000, 1:194.55333000, 2:1018"
"38.53880167007446,0:234.17145000, 1:194.60838000, 2:1020"
"38.57271099090576,0:234.08713000, 1:194.66599000, 2:1019"
"38.60562300682068,0:233.99893000, 1:194.72795000, 2:1020"
"38.63953232765198,0:233.90234000, 1:194.79082000, 2:1021"
"38.70535635948181,0:233.80510000, 1:194.85161000, 2:1020"
"38.73926568031311,0:233.70590000, 1:194.91211000, 2:1022"
"38.77317571640015,0:233.60341000, 1:194.96777000, 2:1019"
"38.80608773231506,0:233.49527000, 1:195.01860000, 2:1022"
"38.87242007255554,0:233.39217000, 1:195.06223000, 2:1019"
"38.90533113479614,0:233.28664000, 1:195.09621000, 2:1019"
"38.93923997879028,0:233.19572000, 1:195.12799000, 2:1019"
"38.9721519947052,0:233.09544000, 1:195.15269000, 2:1019"
"39.00606107711792,0:233.01796000, 1:195.15556000, 2:1020"
"39.07188558578491,0:232.93944000, 1:195.15634000, 2:1019"
"39.10579466819763,0:232.85492000, 1:195.15634000, 2:1022"
"39.13870668411255,0:232.77853000, 1:195.15388000, 2:1019"
"39.17261600494385,0:232.70587000, 1:195.14104000, 2:1022"
"39.2384397983551,0:232.63634000, 1:195.12523000, 2:1020"
"39.2723491191864,0:232.57426000, 1:195.10864000, 2:1022"
"39.3052613735199,0:232.52863000, 1:195.09621000, 2:1021"
"39.33867835998535,0:232.48224000, 1:195.08842000, 2:1020"
"39.37258720397949,0:232.43910000, 1:195.08536000, 2:1021"
"39.43891620635986,0:232.41772000, 1:195.08536000, 2:1018"
"39.47182822227478,0:232.41772000, 1:195.08778000, 2:1020"
"39.50573754310608,0:232.41966000, 1:195.09525000, 2:1019"
"39.53915357589722,0:232.45959000, 1:195.08434000, 2:1020"
"39.60497832298279,0:232.55167000, 1:195.06784000, 2:1021"
"39.63939547538757,0:232.66672000, 1:195.03011000, 2:1022"
"39.67230749130249,0:232.79321000, 1:194.98691000, 2:1021"
"39.70621681213379,0:232.92715000, 1:194.93994000, 2:1020"
"39.74012613296509,0:233.05573000, 1:194.89508000, 2:1021"
"39.8059504032135,0:233.20079000, 1:194.84462000, 2:1019"
"39.8388614654541,0:233.34596000, 1:194.79947000, 2:1020"
"39.87177348136902,0:233.49048000, 1:194.75090000, 2:1019"
"39.9056830406189,0:233.63431000, 1:194.70404000, 2:1019"
"39.938594579696655,0:233.77713000, 1:194.65590000, 2:1020"
"40.00541615486145,0:233.92245000, 1:194.61772000, 2:1019"
"40.03832817077637,0:234.06314000, 1:194.57660000, 2:1022"
"40.072237491607666,0:234.20973000, 1:194.53484000, 2:1020"
"40.10514974594116,0:234.34262000, 1:194.48894000, 2:1022"
"40.17197132110596,0:234.45703000, 1:194.44278000, 2:1020"
"40.20488357543945,0:234.53397000, 1:194.39151000, 2:1020"
"40.238792181015015,0:234.56311000, 1:194.36429000, 2:1020"
"40.27170443534851,0:234.57339000, 1:194.36137000, 2:1018"
"40.30561423301697,0:234.57339000, 1:194.36092000, 2:1021"
"40.371437549591064,0:234.56677000, 1:194.36028000, 2:1018"
"40.40534710884094,0:234.56203000, 1:194.36765000, 2:1021"
"40.43825912475586,0:234.55074000, 1:194.37683000, 2:1020"
"40.47216868400574,0:234.55174000, 1:194.39488000, 2:1022"
"40.53849673271179,0:234.54230000, 1:194.41026000, 2:1021"
"40.571409463882446,0:234.53773000, 1:194.41937000, 2:1021"
"40.60531806945801,0:234.53424000, 1:194.42900000, 2:1021"
"40.638230323791504,0:234.53226000, 1:194.43539000, 2:1020"
"40.672139406204224,0:234.53183000, 1:194.43539000, 2:1022"
"40.73796367645264,0:234.52451000, 1:194.43181000, 2:1019"
"40.771872758865356,0:234.52078000, 1:194.42352000, 2:1019"
"40.80478501319885,0:234.51569000, 1:194.41650000, 2:1019"
"40.83869433403015,0:234.50581000, 1:194.42223000, 2:1019"
"40.904518127441406,0:234.49527000, 1:194.41513000, 2:1020"
"40.938427686691284,0:234.46819000, 1:194.42226000, 2:1021"
"40.97233724594116,0:234.44073000, 1:194.42943000, 2:1023"
"41.0052490234375,0:234.41124000, 1:194.44594000, 2:1020"
"41.038665533065796,0:234.37151000, 1:194.46724000, 2:1021"
"41.10548782348633,0:234.30699000, 1:194.49911000, 2:1020"
"41.13890767097473,0:234.23622000, 1:194.54453000, 2:1020"
"41.17281699180603,0:234.15974000, 1:194.58626000, 2:1021"
"41.205729246139526,0:234.06754000, 1:194.63631000, 2:1019"
"41.23914980888367,0:233.97084000, 1:194.69276000, 2:1020"
"41.304973125457764,0:233.86928000, 1:194.75815000, 2:1018"
"41.338401556015015,0:233.74657000, 1:194.82193000, 2:1020"
"41.372299671173096,0:233.62267000, 1:194.89125000, 2:1020"
"41.40521168708801,0:233.49751000, 1:194.96628000, 2:1022"
"41.472033739089966,0:233.36032000, 1:195.03645000, 2:1021"
"41.504945516586304,0:233.21642000, 1:195.10701000, 2:1020"
"41.538854360580444,0:233.07947000, 1:195.18056000, 2:1020"
"41.5727641582489,0:232.95595000, 1:195.24341000, 2:1019"
"41.60467863082886,0:232.82352000, 1:195.30698000, 2:1020"
"41.67150044441223,0:232.68893000, 1:195.36005000, 2:1019"
"41.70441198348999,0:232.56833000, 1:195.41148000, 2:1021"
"41.73832082748413,0:232.47067000, 1:195.45424000, 2:1019"
"41.77223038673401,0:232.38321000, 1:195.48489000, 2:1020"
"41.83805513381958,0:232.29758000, 1:195.52312000, 2:1021"
"41.87096643447876,0:232.22366000, 1:195.55101000, 2:1021"
"41.90487575531006,0:232.16020000, 1:195.57549000, 2:1022"
"41.937788009643555,0:232.09247000, 1:195.59822000, 2:1020"
"41.971697092056274,0:232.04773000, 1:195.61652000, 2:1021"
"42.03852033615112,0:232.00365000, 1:195.63002000, 2:1019"
"42.071430921554565,0:231.95966000, 1:195.64890000, 2:1021"
"42.105340242385864,0:231.93008000, 1:195.66904000, 2:1019"
"42.13825225830078,0:231.90343000, 1:195.68156000, 2:1019"
"42.20507574081421,0:231.87915000, 1:195.70065000, 2:1019"
"42.23798608779907,0:231.86244000, 1:195.71571000, 2:1019"
"42.27140426635742,0:231.85083000, 1:195.72943000, 2:1021"
"42.3043167591095,0:231.84004000, 1:195.74135000, 2:1020"
"42.33822584152222,0:231.83432000, 1:195.75279000, 2:1022"
"42.40504813194275,0:231.82860000, 1:195.76083000, 2:1020"
"42.437960147857666,0:231.82822000, 1:195.76627000, 2:1020"
"42.470871448516846,0:231.82848000, 1:195.76627000, 2:1020"
"42.504780530929565,0:231.83234000, 1:195.75522000, 2:1019"
"42.53769278526306,0:231.87190000, 1:195.72549000, 2:1020"
"42.604514360427856,0:231.94984000, 1:195.65540000, 2:1019"
"42.638423204422,0:232.08430000, 1:195.58157000, 2:1021"
"42.671335220336914,0:232.22997000, 1:195.50206000, 2:1019"
"42.70524501800537,0:232.39156000, 1:195.41965000, 2:1020"
"42.771573066711426,0:232.55873000, 1:195.34190000, 2:1021"
"42.804484844207764,0:232.72757000, 1:195.27065000, 2:1022"
"42.83839440345764,0:232.89868000, 1:195.19963000, 2:1021"
"42.8708131313324,0:233.08955000, 1:195.12979000, 2:1020"
"42.904722929000854,0:233.28456000, 1:195.05493000, 2:1021"
"42.97105264663696,0:233.47989000, 1:194.98906000, 2:1020"
"43.00496172904968,0:233.67384000, 1:194.92189000, 2:1023"
"43.037874698638916,0:233.85960000, 1:194.86417000, 2:1019"
"43.071295499801636,0:234.03770000, 1:194.80325000, 2:1021"
"43.138116121292114,0:234.19986000, 1:194.74274000, 2:1019"
"43.17102766036987,0:234.34908000, 1:194.68262000, 2:1019"
"43.20493674278259,0:234.46306000, 1:194.64105000, 2:1022"
"43.23784852027893,0:234.53616000, 1:194.62184000, 2:1021"
"43.27175807952881,0:234.54614000, 1:194.61067000, 2:1022"
"43.33758211135864,0:234.54614000, 1:194.59256000, 2:1020"
"43.3714919090271,0:234.53896000, 1:194.57608000, 2:1021"
"43.40440344810486,0:234.51512000, 1:194.55975000, 2:1020"
"43.43831276893616,0:234.49791000, 1:194.54669000, 2:1019"
"43.50413775444031,0:234.48221000, 1:194.51590000, 2:1020"
"43.538047075271606,0:234.47722000, 1:194.47615000, 2:1019"
"43.57095909118652,0:234.45760000, 1:194.43234000, 2:1020"
"43.604867696762085,0:234.43817000, 1:194.39053000, 2:1018"
"43.63777947425842,0:234.42226000, 1:194.35019000, 2:1022"
"43.70460104942322,0:234.40500000, 1:194.29900000, 2:1021"
"43.738510847091675,0:234.40500000, 1:194.25046000, 2:1022"
"43.77142262458801,0:234.40486000, 1:194.19707000, 2:1021"
"43.80533266067505,0:234.41385000, 1:194.14597000, 2:1020"
"43.83824443817139,0:234.44226000, 1:194.10991000, 2:1021"
"43.90406799316406,0:234.47565000, 1:194.07808000, 2:1019"
"43.93797779083252,0:234.51404000, 1:194.05659000, 2:1020"
"43.97139310836792,0:234.55206000, 1:194.04921000, 2:1018"
"44.00430488586426,0:234.59337000, 1:194.04921000, 2:1020"
"44.07112693786621,0:234.64557000, 1:194.05637000, 2:1020"
"44.10403871536255,0:234.69482000, 1:194.07111000, 2:1020"
"44.13794779777527,0:234.73520000, 1:194.08553000, 2:1022"
"44.170859813690186,0:234.76549000, 1:194.10794000, 2:1021"
"44.20476937294006,0:234.78337000, 1:194.13541000, 2:1022"
"44.270593881607056,0:234.79361000, 1:194.16258000, 2:1019"
"44.304503202438354,0:234.79361000, 1:194.19507000, 2:1021"
"44.33841252326965,0:234.79343000, 1:194.22430000, 2:1019"
"44.37132430076599,0:234.78558000, 1:194.25497000, 2:1020"
"44.437148094177246,0:234.77794000, 1:194.28629000, 2:1018"
"44.470569133758545,0:234.75763000, 1:194.31277000, 2:1019"
"44.504478931427,0:234.74617000, 1:194.33905000, 2:1021"
"44.53838849067688,0:234.73094000, 1:194.35306000, 2:1019"
"44.57081866264343,0:234.72192000, 1:194.36366000, 2:1022"
"44.63764023780823,0:234.71501000, 1:194.36617000, 2:1021"
"44.67106008529663,0:234.71095000, 1:194.36617000, 2:1022"
"44.70397210121155,0:234.71095000, 1:194.35678000, 2:1020"
"44.73788142204285,0:234.71753000, 1:194.34163000, 2:1020"
"44.80420899391174,0:234.73218000, 1:194.29626000, 2:1020"
"44.83811855316162,0:234.75386000, 1:194.25284000, 2:1019"
"44.87053966522217,0:234.77388000, 1:194.20610000, 2:1020"
"44.904449224472046,0:234.81979000, 1:194.14778000, 2:1019"
"44.93736124038696,0:234.86357000, 1:194.07233000, 2:1021"
"45.00418257713318,0:234.91650000, 1:193.98914000, 2:1019"
"45.037094593048096,0:234.98297000, 1:193.90004000, 2:1022"
"45.071003675460815,0:235.04846000, 1:193.80357000, 2:1021"
"45.10391592979431,0:235.12370000, 1:193.70609000, 2:1020"
"45.13782525062561,0:235.20134000, 1:193.59633000, 2:1021"
"45.20364952087402,0:235.27353000, 1:193.49265000, 2:1019"
"45.23755860328674,0:235.34256000, 1:193.38927000, 2:1021"
"45.27047061920166,0:235.40202000, 1:193.28297000, 2:1019"
"45.304380655288696,0:235.44553000, 1:193.18674000, 2:1020"
"45.37020421028137,0:235.46306000, 1:193.13864000, 2:1020"
"45.40411305427551,0:235.46405000, 1:193.12726000, 2:1020"
"45.437074422836304,0:235.46405000, 1:193.12726000, 2:1023"
"45.470935344696045,0:235.44337000, 1:193.17151000, 2:1020"
"45.50584292411804,0:235.42630000, 1:193.21786000, 2:1022"
"45.57066774368286,0:235.40175000, 1:193.25542000, 2:1020"
"45.60358023643494,0:235.35620000, 1:193.31798000, 2:1021"
"45.637489318847656,0:235.30733000, 1:193.38541000, 2:1019"
"45.67040133476257,0:235.26222000, 1:193.46266000, 2:1020"
"45.73722290992737,0:235.20142000, 1:193.54041000, 2:1019"
"45.77113318443298,0:235.13162000, 1:193.62769000, 2:1020"
"45.804044008255005,0:235.07301000, 1:193.71274000, 2:1020"
"45.83695650100708,0:235.01030000, 1:193.80670000, 2:1019"
"45.87086534500122,0:234.93938000, 1:193.90080000, 2:1022"
"45.93768835067749,0:234.87463000, 1:193.98570000, 2:1019"
"45.97059965133667,0:234.81042000, 1:194.06876000, 2:1022"
"46.00450921058655,0:234.75888000, 1:194.14989000, 2:1022"
"46.038418769836426,0:234.74873000, 1:194.15836000, 2:1020"
"46.10424327850342,0:234.73866000, 1:194.15836000, 2:1020"
"46.13815355300903,0:234.73248000, 1:194.11682000, 2:1019"
"46.17106533050537,0:234.73918000, 1:194.04889000, 2:1020"
"46.204972982406616,0:234.74712000, 1:193.94151000, 2:1018"
"46.23988080024719,0:234.76923000, 1:193.80208000, 2:1021"
"46.3042197227478,0:234.79094000, 1:193.66066000, 2:1020"
"46.33812999725342,0:234.81589000, 1:193.49619000, 2:1021"
"46.37055063247681,0:234.84335000, 1:193.30800000, 2:1021"
"46.404459714889526,0:234.87881000, 1:193.10960000, 2:1021"
"46.44036793708801,0:234.92369000, 1:192.90785000, 2:1021"
"46.50319528579712,0:234.96234000, 1:192.70688000, 2:1019"
"46.53710460662842,0:234.99606000, 1:192.50412000, 2:1021"
"46.570016860961914,0:235.01527000, 1:192.29314000, 2:1019"
"46.60392642021179,0:235.03232000, 1:192.08546000, 2:1020"
"46.67074728012085,0:235.04875000, 1:191.89012000, 2:1020"
"46.703659772872925,0:235.05603000, 1:191.70137000, 2:1020"
"46.73657155036926,0:235.06682000, 1:191.56355000, 2:1022"
"46.77048063278198,0:235.06152000, 1:191.45282000, 2:1020"
"46.80339312553406,0:235.06590000, 1:191.36690000, 2:1023"
"46.870213985443115,0:235.06514000, 1:191.35396000, 2:1019"
"46.90312647819519,0:235.05759000, 1:191.35396000, 2:1021"
"46.93703556060791,0:235.04037000, 1:191.39456000, 2:1019"
"46.969948053359985,0:235.03578000, 1:191.48889000, 2:1019"
"47.036768674850464,0:235.03029000, 1:191.65143000, 2:1019"
"47.06968092918396,0:235.01436000, 1:191.86043000, 2:1019"
"47.10359048843384,0:234.98700000, 1:192.08144000, 2:1020"
"47.136502265930176,0:234.96001000, 1:192.30824000, 2:1019"
"47.170411586761475,0:234.92970000, 1:192.52779000, 2:1022"
"47.23723363876343,0:234.90475000, 1:192.74242000, 2:1019"
"47.27014517784119,0:234.88852000, 1:192.96126000, 2:1022"
"47.30405616760254,0:234.87390000, 1:193.17104000, 2:1021"
"47.33696722984314,0:234.86072000, 1:193.37010000, 2:1021"
"47.40378785133362,0:234.84666000, 1:193.56392000, 2:1021"
"47.436699628829956,0:234.84435000, 1:193.72755000, 2:1019"
"47.47060966491699,0:234.83658000, 1:193.88101000, 2:1020"
"47.50352096557617,0:234.83165000, 1:194.00551000, 2:1018"
"47.53743052482605,0:234.82033000, 1:194.09889000, 2:1020"
"47.60325479507446,0:234.81815000, 1:194.17242000, 2:1018"
"47.63716387748718,0:234.81032000, 1:194.21227000, 2:1021"
"47.67007565498352,0:234.80219000, 1:194.23404000, 2:1021"
"47.7039852142334,0:234.77512000, 1:194.23434000, 2:1021"
"47.736896991729736,0:234.75122000, 1:194.21927000, 2:1022"
"47.80322980880737,0:234.73105000, 1:194.19870000, 2:1020"
"47.83814072608948,0:234.70810000, 1:194.17456000, 2:1021"
"47.87304401397705,0:234.69394000, 1:194.15605000, 2:1019"
"47.90547728538513,0:234.68388000, 1:194.14012000, 2:1019"
"47.97030329704285,0:234.67070000, 1:194.11044000, 2:1019"
"48.004212856292725,0:234.65155000, 1:194.06854000, 2:1019"
"48.037124156951904,0:234.63547000, 1:194.00116000, 2:1020"
"48.070035219192505,0:234.61557000, 1:193.91348000, 2:1019"
"48.10394501686096,0:234.59064000, 1:193.79187000, 2:1022"
"48.16976881027222,0:234.55804000, 1:193.64626000, 2:1020"
"48.203678131103516,0:234.52477000, 1:193.47333000, 2:1023"
"48.23659062385559,0:234.49153000, 1:193.29221000, 2:1021"
"48.26950216293335,0:234.45517000, 1:193.09122000, 2:1022"
"48.336323738098145,0:234.41014000, 1:192.87750000, 2:1020"
"48.37023329734802,0:234.36060000, 1:192.64290000, 2:1019"
"48.40314507484436,0:234.30042000, 1:192.39803000, 2:1020"
"48.43705487251282,0:234.23448000, 1:192.14064000, 2:1017"
"48.470964431762695,0:234.16643000, 1:191.87080000, 2:1020"
"48.53678774833679,0:234.08751000, 1:191.60374000, 2:1018"
"48.56970000267029,0:234.01520000, 1:191.33727000, 2:1021"
"48.60360908508301,0:233.93349000, 1:191.07033000, 2:1021"
"48.636520862579346,0:233.85199000, 1:190.84727000, 2:1021"
"48.70334243774414,0:233.78137000, 1:190.67557000, 2:1022"
"48.73625445365906,0:233.73370000, 1:190.60588000, 2:1021"
"48.770164012908936,0:233.73193000, 1:190.60588000, 2:1021"
"48.80307579040527,0:233.73193000, 1:190.65935000, 2:1019"
"48.83698534965515,0:233.77530000, 1:190.81781000, 2:1020"
"48.902809381484985,0:233.82744000, 1:191.00575000, 2:1019"
"48.93671894073486,0:233.86703000, 1:191.18480000, 2:1019"
"48.970629930496216,0:233.90921000, 1:191.37503000, 2:1020"
"49.003541469573975,0:233.94560000, 1:191.57434000, 2:1019"
"49.03645181655884,0:233.99521000, 1:191.79979000, 2:1022"
"49.103273153305054,0:234.05685000, 1:192.04121000, 2:1019"
"49.13618540763855,0:234.12866000, 1:192.29488000, 2:1022"
"49.17009449005127,0:234.20212000, 1:192.56866000, 2:1020"
"49.203006744384766,0:234.28052000, 1:192.84488000, 2:1021"
"49.26982855796814,0:234.35298000, 1:193.12357000, 2:1019"
"49.303247690200806,0:234.42833000, 1:193.40892000, 2:1019"
"49.33715844154358,0:234.50417000, 1:193.68459000, 2:1020"
"49.37006855010986,0:234.57561000, 1:193.94153000, 2:1018"
"49.40348768234253,0:234.62900000, 1:194.12341000, 2:1020"
"49.47031044960022,0:234.64117000, 1:194.20979000, 2:1020"
"49.50421905517578,0:234.64551000, 1:194.24179000, 2:1022"
"49.53813076019287,0:234.61656000, 1:194.22772000, 2:1021"
"49.571040630340576,0:234.57867000, 1:194.20773000, 2:1021"
"49.63686466217041,0:234.53519000, 1:194.17676000, 2:1021"
"49.66977596282959,0:234.47256000, 1:194.11606000, 2:1019"
"49.703685998916626,0:234.41594000, 1:194.04063000, 2:1020"
"49.736597537994385,0:234.33237000, 1:193.94551000, 2:1018"
"49.77050733566284,0:234.19818000, 1:193.76315000, 2:1020"
"49.836331844329834,0:234.01135000, 1:193.53981000, 2:1019"
"49.870240688323975,0:233.79732000, 1:193.27441000, 2:1020"
"49.90415024757385,0:233.56218000, 1:192.98909000, 2:1021"
"49.93606376647949,0:233.30299000, 1:192.69357000, 2:1021"
"50.00288486480713,0:233.04095000, 1:192.39395000, 2:1022"
"50.035796880722046,0:232.77423000, 1:192.08832000, 2:1020"
"50.069706439971924,0:232.49406000, 1:191.78137000, 2:1022"
"50.10261869430542,0:232.21416000, 1:191.46387000, 2:1019"
"50.13652777671814,0:231.92430000, 1:191.14172000, 2:1020"
"50.20235228538513,0:231.62090000, 1:190.81915000, 2:1021"
"50.23626112937927,0:231.31996000, 1:190.50902000, 2:1019"
"50.26917290687561,0:231.03127000, 1:190.20630000, 2:1020"
"50.302589893341064,0:230.75795000, 1:189.95930000, 2:1019"
"50.33649945259094,0:230.48654000, 1:189.73535000, 2:1022"
"50.402323961257935,0:230.25655000, 1:189.53882000, 2:1020"
"50.436233043670654,0:230.08211000, 1:189.42337000, 2:1021"
"50.46914505958557,0:229.96773000, 1:189.34848000, 2:1020"
"50.50305414199829,0:229.89342000, 1:189.31804000, 2:1020"
"50.568878173828125,0:229.86449000, 1:189.31804000, 2:1019"
"50.60278820991516,0:229.86449000, 1:189.33287000, 2:1019"
"50.6356999874115,0:229.89470000, 1:189.39078000, 2:1020"
"50.66960906982422,0:229.99400000, 1:189.51810000, 2:1018"
"50.70351982116699,0:230.21249000, 1:189.71088000, 2:1020"
"50.76934242248535,0:230.50616000, 1:189.96664000, 2:1020"
"50.80276155471802,0:230.81953000, 1:190.25070000, 2:1022"
"50.8356728553772,0:231.13452000, 1:190.54347000, 2:1021"
"50.869582176208496,0:231.47266000, 1:190.84058000, 2:1020"
"50.935911417007446,0:231.79552000, 1:191.16301000, 2:1022"
"50.96882367134094,0:232.11185000, 1:191.50319000, 2:1020"
"51.0022406578064,0:232.41638000, 1:191.84641000, 2:1021"
"51.036149978637695,0:232.71027000, 1:192.18532000, 2:1017"
"51.06906199455261,0:232.99545000, 1:192.52048000, 2:1020"
"51.136388540267944,0:233.27109000, 1:192.85625000, 2:1018"
"51.16930055618286,0:233.53789000, 1:193.17603000, 2:1020"
"51.203211307525635,0:233.79951000, 1:193.47545000, 2:1020"
"51.23711967468262,0:234.04388000, 1:193.73303000, 2:1021"
"51.30294346809387,0:234.26866000, 1:193.96326000, 2:1022"
"51.33685350418091,0:234.43724000, 1:194.12263000, 2:1020"
"51.36976480484009,0:234.50049000, 1:194.22865000, 2:1022"
"51.402676820755005,0:234.50049000, 1:194.24132000, 2:1020"
"51.436585903167725,0:234.48434000, 1:194.26695000, 2:1020"
"51.50241041183472,0:234.41885000, 1:194.27750000, 2:1019"
"51.53631925582886,0:234.33194000, 1:194.30270000, 2:1019"
"51.56923055648804,0:234.24617000, 1:194.30115000, 2:1021"
"51.60214281082153,0:234.08380000, 1:194.27867000, 2:1019"
"51.63605213165283,0:233.91072000, 1:194.27425000, 2:1022"
"51.701876401901245,0:233.73787000, 1:194.25841000, 2:1020"
"51.735785484313965,0:233.55872000, 1:194.23227000, 2:1022"
"51.7686972618103,0:233.36539000, 1:194.19373000, 2:1020"
"51.80260682106018,0:233.16812000, 1:194.14812000, 2:1021"
"51.8694281578064,0:232.95630000, 1:194.09872000, 2:1021"
"51.90234041213989,0:232.72815000, 1:194.05151000, 2:1019"
"51.93624925613403,0:232.49747000, 1:194.00565000, 2:1020"
"51.96916174888611,0:232.25557000, 1:193.96613000, 2:1018"
"52.00307106971741,0:231.99667000, 1:193.91486000, 2:1020"
"52.06940054893494,0:231.72267000, 1:193.87108000, 2:1019"
"52.10331106185913,0:231.45540000, 1:193.82605000, 2:1021"
"52.136221170425415,0:231.22096000, 1:193.82007000, 2:1020"
"52.16913342475891,0:231.00177000, 1:193.79373000, 2:1021"
"52.235955476760864,0:230.79758000, 1:193.78656000, 2:1022"
"52.2688684463501,0:230.67545000, 1:193.76060000, 2:1019"
"52.30277633666992,0:230.57635000, 1:193.75552000, 2:1021"
"52.33668565750122,0:230.49927000, 1:193.75569000, 2:1019"
"52.370595932006836,0:230.46127000, 1:193.72989000, 2:1020"
"52.43542242050171,0:230.45303000, 1:193.70869000, 2:1019"
"52.46933078765869,0:230.45303000, 1:193.69017000, 2:1019"
"52.50224280357361,0:230.46904000, 1:193.68089000, 2:1020"
"52.535658836364746,0:230.54935000, 1:193.67751000, 2:1020"
"52.60248041152954,0:230.75351000, 1:193.68474000, 2:1022"
"52.635897397994995,0:231.01256000, 1:193.70496000, 2:1021"
"52.66880989074707,0:231.28088000, 1:193.72871000, 2:1021"
"52.702718019485474,0:231.54787000, 1:193.76503000, 2:1020"
"52.73613476753235,0:231.81740000, 1:193.80035000, 2:1020"
"52.801958322525024,0:232.07852000, 1:193.83179000, 2:1019"
"52.83537530899048,0:232.36024000, 1:193.87218000, 2:1019"
"52.869284868240356,0:232.64240000, 1:193.91151000, 2:1020"
"52.902196407318115,0:232.92517000, 1:193.91151000, 2:1018"
"52.93610596656799,0:233.20044000, 1:193.94824000, 2:1020"
"53.001930952072144,0:233.45090000, 1:193.97456000, 2:1021"
"53.035839557647705,0:233.69463000, 1:194.00645000, 2:1022"
"53.06875133514404,0:233.90884000, 1:194.04529000, 2:1021"
"53.10266160964966,0:234.07748000, 1:194.09018000, 2:1020"
"53.16848611831665,0:234.21075000, 1:194.14165000, 2:1021"
"53.20239496231079,0:234.27284000, 1:194.21069000, 2:1020"
"53.23630428314209,0:234.27284000, 1:194.28084000, 2:1021"
"53.26921629905701,0:234.19656000, 1:194.35152000, 2:1018"
"53.30312633514404,0:234.04382000, 1:194.42226000, 2:1020"
"53.36894941329956,0:233.87440000, 1:194.49451000, 2:1019"
"53.40186071395874,0:233.69199000, 1:194.56528000, 2:1019"
"53.43577027320862,0:233.50299000, 1:194.63528000, 2:1020"
"53.468682050704956,0:233.31378000, 1:194.70424000, 2:1021"
"53.53550338745117,0:233.13268000, 1:194.75835000, 2:1022"
"53.56841540336609,0:232.91251000, 1:194.79991000, 2:1020"
"53.60232472419739,0:232.68207000, 1:194.83896000, 2:1021"
"53.636234760284424,0:232.45181000, 1:194.87933000, 2:1019"
"53.66914677619934,0:232.22658000, 1:194.91864000, 2:1020"
"53.7354781627655,0:232.00737000, 1:194.95482000, 2:1020"
"53.76938796043396,0:231.79666000, 1:194.99068000, 2:1019"
"53.80329775810242,0:231.62262000, 1:195.01602000, 2:1020"
"53.836209774017334,0:231.47072000, 1:195.02838000, 2:1018"
"53.90203285217285,0:231.35446000, 1:195.03078000, 2:1021"
"53.93494534492493,0:231.29884000, 1:195.03078000, 2:1020"
"53.96885395050049,0:231.29884000, 1:195.00751000, 2:1022"
"54.0027642250061,0:231.33603000, 1:194.97078000, 2:1021"
"54.035675287246704,0:231.43851000, 1:194.90913000, 2:1020"
"54.10149931907654,0:231.56282000, 1:194.85345000, 2:1021"
"54.13540863990784,0:231.73055000, 1:194.78862000, 2:1019"
"54.168320655822754,0:231.91510000, 1:194.73367000, 2:1021"
"54.20222997665405,0:232.09016000, 1:194.68248000, 2:1018"
"54.23564696311951,0:232.28415000, 1:194.62883000, 2:1020"
"54.302469968795776,0:232.49850000, 1:194.57825000, 2:1019"
"54.334890842437744,0:232.70784000, 1:194.53343000, 2:1020"
"54.36880016326904,0:232.92099000, 1:194.49850000, 2:1021"
"54.40171194076538,0:233.13380000, 1:194.47586000, 2:1021"
"54.46804070472717,0:233.34044000, 1:194.46709000, 2:1022"
"54.50195050239563,0:233.55070000, 1:194.46709000, 2:1019"
"54.53536605834961,0:233.76122000, 1:194.47171000, 2:1021"
"54.568278312683105,0:233.94945000, 1:194.49193000, 2:1019"
"54.602187156677246,0:234.10786000, 1:194.52122000, 2:1021"
"54.66801142692566,0:234.19113000, 1:194.58809000, 2:1019"
"54.70192074775696,0:234.20451000, 1:194.69359000, 2:1019"
"54.73483347892761,0:234.20657000, 1:194.78838000, 2:1021"
"54.768742084503174,0:234.20657000, 1:194.91167000, 2:1020"
"54.83456611633301,0:234.16032000, 1:195.03079000, 2:1022"
"54.86847543716431,0:234.09587000, 1:195.17363000, 2:1020"
"54.901387453079224,0:234.02293000, 1:195.30975000, 2:1023"
"54.9352970123291,0:233.95421000, 1:195.44725000, 2:1020"
"54.96820878982544,0:233.87880000, 1:195.59355000, 2:1021"
"55.035030126571655,0:233.79170000, 1:195.73564000, 2:1019"
"55.06794238090515,0:233.70720000, 1:195.87582000, 2:1019"
"55.10185170173645,0:233.61610000, 1:196.00470000, 2:1020"
"55.13476347923279,0:233.51169000, 1:196.12317000, 2:1019"
"55.201584815979004,0:233.40573000, 1:196.22935000, 2:1021"
"55.235496282577515,0:233.29878000, 1:196.32506000, 2:1019"
"55.2684063911438,0:233.19333000, 1:196.41829000, 2:1021"
"55.301318407058716,0:233.09026000, 1:196.49622000, 2:1021"
"55.335227727890015,0:232.98763000, 1:196.56523000, 2:1022"
"55.40204906463623,0:232.89066000, 1:196.63046000, 2:1021"
"55.43447160720825,0:232.79462000, 1:196.67914000, 2:1020"
"55.46838116645813,0:232.71654000, 1:196.72466000, 2:1021"
"55.50129294395447,0:232.64349000, 1:196.74774000, 2:1019"
"55.535202503204346,0:232.57605000, 1:196.76550000, 2:1021"
"55.6020245552063,0:232.51440000, 1:196.77068000, 2:1019"
"55.634936571121216,0:232.46098000, 1:196.77068000, 2:1020"
"55.668846130371094,0:232.42482000, 1:196.76805000, 2:1020"
"55.70175743103027,0:232.42484000, 1:196.75375000, 2:1020"
"55.76857924461365,0:232.42874000, 1:196.69957000, 2:1022"
"55.801490783691406,0:232.52151000, 1:196.60582000, 2:1021"
"55.834402561187744,0:232.65695000, 1:196.47331000, 2:1022"
"55.86831188201904,0:232.81151000, 1:196.32541000, 2:1019"
"55.90122389793396,0:232.97000000, 1:196.16541000, 2:1021"
"55.967554330825806,0:233.13551000, 1:196.00868000, 2:1019"
"56.001463651657104,0:233.28777000, 1:195.83972000, 2:1020"
"56.03488039970398,0:233.44485000, 1:195.67715000, 2:1020"
"56.067792654037476,0:233.59209000, 1:195.50729000, 2:1019"
"56.13512182235718,0:233.75197000, 1:195.35870000, 2:1020"
"56.168034076690674,0:233.92836000, 1:195.21751000, 2:1019"
"56.201942682266235,0:234.08351000, 1:195.08391000, 2:1022"
"56.23535990715027,0:234.24876000, 1:194.96994000, 2:1021"
"56.2682728767395,0:234.40904000, 1:194.87361000, 2:1021"
"56.33509421348572,0:234.55373000, 1:194.77719000, 2:1021"
"56.368006467819214,0:234.68039000, 1:194.68393000, 2:1019"
"56.401914834976196,0:234.75151000, 1:194.59955000, 2:1020"
"56.43482685089111,0:234.75151000, 1:194.53696000, 2:1019"
"56.501649379730225,0:234.73727000, 1:194.48061000, 2:1021"
"56.53456091880798,0:234.69565000, 1:194.45091000, 2:1019"
"56.56847071647644,0:234.64319000, 1:194.41887000, 2:1020"
"56.60138177871704,0:234.59363000, 1:194.39206000, 2:1020"
"56.6352915763855,0:234.55649000, 1:194.36020000, 2:1021"
"56.70111632347107,0:234.51906000, 1:194.31189000, 2:1022"
"56.73502445220947,0:234.49420000, 1:194.26413000, 2:1020"
"56.76793622970581,0:234.46161000, 1:194.18927000, 2:1021"
"56.80184555053711,0:234.45288000, 1:194.11276000, 2:1019"
"56.834757566452026,0:234.43134000, 1:194.02101000, 2:1021"
"56.90157890319824,0:234.42662000, 1:193.94055000, 2:1020"
"56.93449115753174,0:234.42979000, 1:193.86664000, 2:1020"
"56.967403173446655,0:234.42979000, 1:193.78894000, 2:1019"
"57.00131273269653,0:234.44080000, 1:193.72112000, 2:1019"
"57.06813430786133,0:234.47784000, 1:193.66000000, 2:1021"
"57.10104584693909,0:234.51781000, 1:193.61165000, 2:1020"
"57.13495588302612,0:234.58432000, 1:193.58904000, 2:1022"
"57.16837501525879,0:234.65608000, 1:193.57140000, 2:1021"
"57.20128607749939,0:234.72748000, 1:193.57140000, 2:1020"
"57.26810812950134,0:234.80409000, 1:193.57944000, 2:1020"
"57.30201745033264,0:234.87329000, 1:193.59889000, 2:1019"
"57.33492970466614,0:234.93904000, 1:193.63261000, 2:1020"
"57.36883902549744,0:234.98946000, 1:193.67525000, 2:1018"
"57.434662103652954,0:235.04382000, 1:193.71968000, 2:1020"
"57.46757411956787,0:235.08586000, 1:193.78783000, 2:1019"
"57.50148344039917,0:235.10010000, 1:193.86319000, 2:1020"
"57.534395694732666,0:235.11777000, 1:193.92331000, 2:1021"
"57.568305015563965,0:235.12115000, 1:193.97908000, 2:1022"
"57.63512682914734,0:235.12213000, 1:194.02515000, 2:1020"
"57.66755032539368,0:235.12213000, 1:194.06026000, 2:1019"
"57.70145893096924,0:235.09935000, 1:194.08206000, 2:1020"
"57.73437166213989,0:235.10173000, 1:194.10094000, 2:1019"
"57.80069971084595,0:235.07652000, 1:194.12311000, 2:1021"
"57.83460974693298,0:235.07301000, 1:194.14313000, 2:1020"
"57.86802577972412,0:235.07256000, 1:194.16800000, 2:1020"
"57.90093803405762,0:235.06017000, 1:194.17142000, 2:1020"
"57.934847354888916,0:235.03725000, 1:194.17783000, 2:1020"
"58.00117588043213,0:235.00882000, 1:194.16965000, 2:1019"
"58.035085678100586,0:234.98355000, 1:194.16125000, 2:1020"
"58.06850481033325,0:234.94174000, 1:194.14400000, 2:1022"
"58.10141634941101,0:234.90686000, 1:194.12042000, 2:1018"
"58.13432860374451,0:234.86797000, 1:194.09981000, 2:1021"
"58.201149702072144,0:234.83961000, 1:194.07698000, 2:1019"
"58.2350594997406,0:234.82227000, 1:194.04497000, 2:1020"
"58.26797103881836,0:234.73933000, 1:193.97591000, 2:1020"
"58.30088257789612,0:234.65523000, 1:193.88213000, 2:1019"
"58.36770486831665,0:234.54128000, 1:193.76939000, 2:1020"
"58.40061616897583,0:234.39890000, 1:193.62509000, 2:1018"
"58.43452596664429,0:234.19598000, 1:193.45610000, 2:1022"
"58.467437505722046,0:233.98401000, 1:193.28796000, 2:1021"
"58.501347064971924,0:233.76004000, 1:193.10857000, 2:1021"
"58.56816911697388,0:233.52095000, 1:192.92363000, 2:1019"
"58.601080656051636,0:233.26982000, 1:192.74034000, 2:1021"
"58.633992433547974,0:233.01613000, 1:192.56177000, 2:1020"
"58.66790199279785,0:232.76579000, 1:192.36345000, 2:1018"
"58.733726024627686,0:232.51981000, 1:192.18748000, 2:1020"
"58.767635345458984,0:232.28313000, 1:192.02876000, 2:1019"
"58.80054712295532,0:232.05666000, 1:191.85887000, 2:1021"
"58.83445715904236,0:231.83080000, 1:191.68864000, 2:1019"
"58.86736869812012,0:231.62985000, 1:191.50650000, 2:1021"
"58.934189796447754,0:231.47462000, 1:191.37129000, 2:1018"
"58.96710205078125,0:231.39119000, 1:191.30312000, 2:1019"
"59.001012325286865,0:231.24898000, 1:191.18771000, 2:1022"
"59.03392457962036,0:231.14902000, 1:191.10320000, 2:1017"
"59.1007444858551,0:231.14848000, 1:191.09875000, 2:1022"
"59.13365650177002,0:231.16115000, 1:191.08679000, 2:1021"
"59.1675660610199,0:231.16518000, 1:191.07199000, 2:1020"
"59.200478315353394,0:231.16518000, 1:191.05806000, 2:1020"
"59.234387159347534,0:231.19185000, 1:191.05180000, 2:1019"
"59.30021142959595,0:231.22391000, 1:191.04549000, 2:1021"
"59.334121227264404,0:231.25308000, 1:191.03555000, 2:1019"
"59.3675377368927,0:231.28644000, 1:191.04521000, 2:1022"
"59.40044951438904,0:231.32492000, 1:191.06348000, 2:1019"
"59.43435883522034,0:231.35774000, 1:191.06091000, 2:1021"
"59.50068783760071,0:231.38173000, 1:191.04341000, 2:1019"
"59.533599853515625,0:231.40674000, 1:191.03798000, 2:1019"
"59.568021059036255,0:231.43182000, 1:191.03583000, 2:1020"
"59.600932121276855,0:231.43948000, 1:191.05211000, 2:1020"
"59.66726112365723,0:231.45880000, 1:191.06274000, 2:1022"
"59.701173543930054,0:231.47510000, 1:191.06880000, 2:1019"
"59.73408246040344,0:231.47935000, 1:191.06897000, 2:1021"
"59.767561197280884,0:231.48065000, 1:191.06631000, 2:1019"
"59.801411390304565,0:231.47273000, 1:191.05759000, 2:1022"
"59.867236375808716,0:231.47345000, 1:191.04895000, 2:1021"
"59.90114450454712,0:231.47636000, 1:191.05186000, 2:1020"
"59.934056997299194,0:231.47708000, 1:191.05070000, 2:1021"
"59.966968297958374,0:231.47476000, 1:191.04794000, 2:1018"
"60.03378987312317,0:231.46896000, 1:191.04599000, 2:1021"
"60.067699909210205,0:231.46896000, 1:191.04477000, 2:1019"
"60.100610971450806,0:231.46941000, 1:191.04247000, 2:1022"
"60.13352346420288,0:231.46315000, 1:191.04010000, 2:1022"
"60.1674325466156,0:231.45560000, 1:191.03807000, 2:1020"
"60.233256340026855,0:231.45583000, 1:191.03676000, 2:1021"
"60.26716637611389,0:231.45564000, 1:191.03645000, 2:1019"
"60.30007791519165,0:231.45341000, 1:191.03629000, 2:1022"
"60.33398723602295,0:231.45509000, 1:191.03622000, 2:1019"
"60.39981126785278,0:231.45418000, 1:191.03644000, 2:1021"
"60.43372058868408,0:231.45432000, 1:191.03651000, 2:1019"
"60.46763014793396,0:231.45435000, 1:191.03638000, 2:1020"
"60.5005419254303,0:231.45377000, 1:191.03624000, 2:1021"
"60.533453941345215,0:231.45404000, 1:191.03583000, 2:1020"
"60.60027527809143,0:231.45325000, 1:191.03563000, 2:1020"
"60.63318705558777,0:231.45151000, 1:191.03137000, 2:1018"
"60.66709661483765,0:231.44371000, 1:191.02943000, 2:1021"
"60.70000886917114,0:231.44077000, 1:191.02786000, 2:1019"
"60.7339186668396,0:231.43910000, 1:191.02733000, 2:1022"
"60.799742698669434,0:231.44052000, 1:191.02792000, 2:1020"
"60.833651542663574,0:231.44028000, 1:191.02812000, 2:1019"
"60.867560625076294,0:231.43907000, 1:191.02852000, 2:1021"
"60.90047264099121,0:231.43983000, 1:191.02846000, 2:1018"
"60.96729493141174,0:231.43945000, 1:191.02893000, 2:1021"
"61.000205993652344,0:231.43855000, 1:191.02898000, 2:1019"
"61.03311848640442,0:231.43864000, 1:191.02858000, 2:1023"
"61.06702756881714,0:231.43808000, 1:191.02840000, 2:1020"
"61.099939584732056,0:231.43813000, 1:191.02837000, 2:1020"
"61.16626739501953,0:231.43762000, 1:191.02806000, 2:1020"
"61.20017695426941,0:231.43727000, 1:191.02783000, 2:1020"
"61.23308873176575,0:231.43733000, 1:191.02774000, 2:1021"
"61.26750373840332,0:231.43735000, 1:191.02774000, 2:1019"
"61.33332896232605,0:231.43761000, 1:191.02771000, 2:1021"
"61.36723756790161,0:231.43729000, 1:191.02731000, 2:1018"
"61.40014934539795,0:231.43706000, 1:191.02701000, 2:1020"
"61.43306088447571,0:231.43689000, 1:191.02718000, 2:1021"
"61.467968702316284,0:231.43681000, 1:191.02730000, 2:1021"
"61.53379249572754,0:231.43651000, 1:191.02704000, 2:1021"
"61.56670379638672,0:231.43611000, 1:191.02704000, 2:1020"
"61.59961557388306,0:231.43581000, 1:191.02684000, 2:1021"
"61.633524894714355,0:231.43547000, 1:191.02658000, 2:1018"
"61.70034646987915,0:231.43521000, 1:191.02605000, 2:1022"
"61.73325848579407,0:231.43483000, 1:191.02574000, 2:1020"
"61.767167806625366,0:231.43449000, 1:191.02544000, 2:1021"
"61.80007982254028,0:231.43416000, 1:191.02487000, 2:1019"
"61.83299160003662,0:231.43375000, 1:191.02406000, 2:1018"
"61.899813413619995,0:231.43352000, 1:191.02332000, 2:1022"
"61.933722257614136,0:231.43303000, 1:191.02260000, 2:1020"
"61.96663451194763,0:231.43253000, 1:191.02180000, 2:1022"
"62.00054383277893,0:231.43190000, 1:191.02094000, 2:1019"
"62.03345608711243,0:231.43115000, 1:191.01993000, 2:1021"
"62.100276947021484,0:231.43066000, 1:191.01921000, 2:1020"
"62.13418745994568,0:231.43024000, 1:191.01855000, 2:1020"
"62.167099475860596,0:231.42960000, 1:191.01756000, 2:1020"
"62.201008558273315,0:231.42886000, 1:191.01663000, 2:1019"
"62.26683235168457,0:231.42813000, 1:191.01608000, 2:1020"
"62.29974436759949,0:231.42755000, 1:191.01514000, 2:1018"
"62.33365345001221,0:231.42696000, 1:191.01466000, 2:1021"
"62.366565465927124,0:231.42638000, 1:191.01421000, 2:1021"
"62.400474548339844,0:231.42603000, 1:191.01350000, 2:1021"
"62.46630048751831,0:231.42583000, 1:191.01297000, 2:1021"
"62.50020885467529,0:231.42557000, 1:191.01274000, 2:1019"
"62.533119916915894,0:231.42522000, 1:191.01260000, 2:1021"
"62.56702923774719,0:231.42508000, 1:191.01270000, 2:1019"
"62.632853507995605,0:231.42490000, 1:191.01251000, 2:1021"
"62.666762828826904,0:231.42470000, 1:191.01277000, 2:1019"
"62.70017886161804,0:231.42445000, 1:191.01248000, 2:1020"
"62.733092069625854,0:231.42436000, 1:191.01236000, 2:1019"
"62.767000675201416,0:231.42429000, 1:191.01237000, 2:1020"
"62.83333230018616,0:231.42389000, 1:191.01236000, 2:1023"
"62.86624455451965,0:231.42357000, 1:191.01218000, 2:1022"
"62.900153398513794,0:231.42339000, 1:191.01221000, 2:1022"
"62.93306612968445,0:231.42329000, 1:191.01207000, 2:1020"
"62.99988770484924,0:231.42314000, 1:191.01169000, 2:1021"
"63.03279900550842,0:231.42285000, 1:191.01149000, 2:1020"
"63.0667085647583,0:231.42265000, 1:191.01109000, 2:1021"
"63.099621295928955,0:231.42241000, 1:191.01080000, 2:1020"
"63.13352990150452,0:231.42210000, 1:191.01070000, 2:1019"
"63.19935393333435,0:231.42175000, 1:191.01048000, 2:1021"
